Title: *bsim-cmg inverter
Date: Sun Sep 13 03:16:57  2026
Command: ngspice-46, Build Mar 29 2026   14:56:48
Plotname: Transient Analysis
Flags: real
No. Variables: 3
No. Points: 4029
Variables:
	0	time	time
	1	v(in)	voltage
	2	v(inv_out)	voltage
Values:
 0	0.000000000000000e+00
	0.000000000000000e+00
	6.997634629903149e-01

 1	1.000000000000000e-14
	7.000000000000001e-04
	6.998413044273132e-01

 2	2.000000000000000e-14
	1.400000000000000e-03
	6.999186399424661e-01

 3	4.000000000000000e-14
	2.800000000000000e-03
	7.000723059193869e-01

 4	8.000000000000000e-14
	5.600000000000001e-03
	7.003736837593274e-01

 5	1.600000000000000e-13
	1.120000000000000e-02
	7.009532835647754e-01

 6	3.200000000000000e-13
	2.240000000000000e-02
	7.020241758866316e-01

 7	6.400000000000000e-13
	4.480000000000001e-02
	7.038416624909914e-01

 8	1.280000000000000e-12
	8.960000000000001e-02
	7.062562241705950e-01

 9	2.280000000000000e-12
	1.596000000000000e-01
	7.056314842992645e-01

 10	3.280000000000000e-12
	2.296000000000000e-01
	6.959475954991502e-01

 11	4.280000000000000e-12
	2.996000000000000e-01
	6.722838682036147e-01

 12	5.279999999999999e-12
	3.696000000000000e-01
	6.297024555434162e-01

 13	6.279999999999999e-12
	4.396000000000000e-01
	5.587992055935104e-01

 14	7.280000000000000e-12
	5.096000000000001e-01
	4.520587050281126e-01

 15	8.279999999999999e-12
	5.796000000000000e-01
	3.198584171564813e-01

 16	9.140000000000000e-12
	6.398000000000001e-01
	2.072157697530124e-01

 17	9.999999999999999e-12
	7.000000000000001e-01
	1.189719086971051e-01

 18	1.010000000000000e-11
	7.000000000000001e-01
	1.103390017263152e-01

 19	1.030000000000000e-11
	7.000000000000001e-01
	9.416669838084595e-02

 20	1.070000000000000e-11
	7.000000000000001e-01
	6.782312920815295e-02

 21	1.150000000000000e-11
	7.000000000000001e-01
	3.371286067337249e-02

 22	1.250000000000000e-11
	7.000000000000001e-01
	1.343576203279334e-02

 23	1.350000000000000e-11
	7.000000000000001e-01
	5.403002529702071e-03

 24	1.450000000000000e-11
	7.000000000000001e-01
	2.283700125269188e-03

 25	1.550000000000000e-11
	7.000000000000001e-01
	1.077636207138968e-03

 26	1.650000000000000e-11
	7.000000000000001e-01
	6.118703689591193e-04

 27	1.750000000000000e-11
	7.000000000000001e-01
	4.322098051438959e-04

 28	1.850000000000000e-11
	7.000000000000001e-01
	3.628843387379762e-04

 29	1.950000000000000e-11
	7.000000000000001e-01
	3.361305388306252e-04

 30	2.050000000000000e-11
	7.000000000000001e-01
	3.258053633984725e-04

 31	2.150000000000000e-11
	7.000000000000001e-01
	3.218204700590723e-04

 32	2.250000000000000e-11
	7.000000000000001e-01
	3.202825323056838e-04

 33	2.350000000000000e-11
	7.000000000000001e-01
	3.196889760450229e-04

 34	2.450000000000000e-11
	7.000000000000001e-01
	3.194598969616375e-04

 35	2.550000000000000e-11
	7.000000000000001e-01
	3.193714853833591e-04

 36	2.650000000000000e-11
	7.000000000000001e-01
	3.193373635065121e-04

 37	2.750000000000000e-11
	7.000000000000001e-01
	3.193241943880975e-04

 38	2.850000000000000e-11
	7.000000000000001e-01
	3.193191118516517e-04

 39	2.950000000000000e-11
	7.000000000000001e-01
	3.193171502793791e-04

 40	3.050000000000000e-11
	7.000000000000001e-01
	3.193163932231472e-04

 41	3.150000000000000e-11
	7.000000000000001e-01
	3.193161010421450e-04

 42	3.250000000000000e-11
	7.000000000000001e-01
	3.193159882767474e-04

 43	3.350000000000001e-11
	7.000000000000001e-01
	3.193159447557078e-04

 44	3.450000000000001e-11
	7.000000000000001e-01
	3.193159279590685e-04

 45	3.550000000000001e-11
	7.000000000000001e-01
	3.193159214764815e-04

 46	3.650000000000002e-11
	7.000000000000001e-01
	3.193159189745408e-04

 47	3.750000000000002e-11
	7.000000000000001e-01
	3.193159180090022e-04

 48	3.850000000000002e-11
	7.000000000000001e-01
	3.193159176363455e-04

 49	3.950000000000003e-11
	7.000000000000001e-01
	3.193159174925005e-04

 50	4.050000000000003e-11
	7.000000000000001e-01
	3.193159174370157e-04

 51	4.150000000000003e-11
	7.000000000000001e-01
	3.193159174156559e-04

 52	4.250000000000003e-11
	7.000000000000001e-01
	3.193159174073653e-04

 53	4.350000000000004e-11
	7.000000000000001e-01
	3.193159174041655e-04

 54	4.450000000000004e-11
	7.000000000000001e-01
	3.193159174029076e-04

 55	4.550000000000004e-11
	7.000000000000001e-01
	3.193159174024433e-04

 56	4.650000000000005e-11
	7.000000000000001e-01
	3.193159174022998e-04

 57	4.750000000000005e-11
	7.000000000000001e-01
	3.193159174022323e-04

 58	4.850000000000005e-11
	7.000000000000001e-01
	3.193159174021901e-04

 59	4.950000000000006e-11
	7.000000000000001e-01
	3.193159174021730e-04

 60	5.050000000000006e-11
	7.000000000000001e-01
	3.193159174021393e-04

 61	5.150000000000006e-11
	7.000000000000001e-01
	3.193159174021055e-04

 62	5.250000000000006e-11
	7.000000000000001e-01
	3.193159174021224e-04

 63	5.350000000000007e-11
	7.000000000000001e-01
	3.193159174021224e-04

 64	5.450000000000007e-11
	7.000000000000001e-01
	3.193159174020802e-04

 65	5.550000000000007e-11
	7.000000000000001e-01
	3.193159174021055e-04

 66	5.650000000000008e-11
	7.000000000000001e-01
	3.193159174021562e-04

 67	5.750000000000008e-11
	7.000000000000001e-01
	3.193159174021393e-04

 68	5.850000000000008e-11
	7.000000000000001e-01
	3.193159174020971e-04

 69	5.950000000000008e-11
	7.000000000000001e-01
	3.193159174021224e-04

 70	6.050000000000008e-11
	7.000000000000001e-01
	3.193159174021224e-04

 71	6.150000000000007e-11
	7.000000000000001e-01
	3.193159174020718e-04

 72	6.250000000000007e-11
	7.000000000000001e-01
	3.193159174020886e-04

 73	6.350000000000007e-11
	7.000000000000001e-01
	3.193159174021393e-04

 74	6.450000000000006e-11
	7.000000000000001e-01
	3.193159174021309e-04

 75	6.550000000000006e-11
	7.000000000000001e-01
	3.193159174020886e-04

 76	6.650000000000005e-11
	7.000000000000001e-01
	3.193159174021055e-04

 77	6.750000000000005e-11
	7.000000000000001e-01
	3.193159174021562e-04

 78	6.850000000000005e-11
	7.000000000000001e-01
	3.193159174021393e-04

 79	6.950000000000004e-11
	7.000000000000001e-01
	3.193159174020971e-04

 80	7.050000000000004e-11
	7.000000000000001e-01
	3.193159174021224e-04

 81	7.150000000000004e-11
	7.000000000000001e-01
	3.193159174021224e-04

 82	7.250000000000003e-11
	7.000000000000001e-01
	3.193159174020802e-04

 83	7.350000000000003e-11
	7.000000000000001e-01
	3.193159174021055e-04

 84	7.450000000000003e-11
	7.000000000000001e-01
	3.193159174021562e-04

 85	7.550000000000002e-11
	7.000000000000001e-01
	3.193159174021393e-04

 86	7.650000000000002e-11
	7.000000000000001e-01
	3.193159174020971e-04

 87	7.750000000000002e-11
	7.000000000000001e-01
	3.193159174021224e-04

 88	7.850000000000001e-11
	7.000000000000001e-01
	3.193159174021224e-04

 89	7.950000000000001e-11
	7.000000000000001e-01
	3.193159174020718e-04

 90	8.050000000000001e-11
	7.000000000000001e-01
	3.193159174020886e-04

 91	8.150000000000000e-11
	7.000000000000001e-01
	3.193159174021393e-04

 92	8.250000000000000e-11
	7.000000000000001e-01
	3.193159174021309e-04

 93	8.350000000000000e-11
	7.000000000000001e-01
	3.193159174020886e-04

 94	8.449999999999999e-11
	7.000000000000001e-01
	3.193159174021055e-04

 95	8.549999999999999e-11
	7.000000000000001e-01
	3.193159174021562e-04

 96	8.649999999999999e-11
	7.000000000000001e-01
	3.193159174021393e-04

 97	8.749999999999998e-11
	7.000000000000001e-01
	3.193159174020971e-04

 98	8.849999999999998e-11
	7.000000000000001e-01
	3.193159174021224e-04

 99	8.949999999999998e-11
	7.000000000000001e-01
	3.193159174021224e-04

 100	9.049999999999997e-11
	7.000000000000001e-01
	3.193159174020802e-04

 101	9.149999999999997e-11
	7.000000000000001e-01
	3.193159174021055e-04

 102	9.249999999999996e-11
	7.000000000000001e-01
	3.193159174021562e-04

 103	9.349999999999996e-11
	7.000000000000001e-01
	3.193159174021393e-04

 104	9.449999999999996e-11
	7.000000000000001e-01
	3.193159174020971e-04

 105	9.549999999999995e-11
	7.000000000000001e-01
	3.193159174021224e-04

 106	9.649999999999995e-11
	7.000000000000001e-01
	3.193159174021224e-04

 107	9.749999999999995e-11
	7.000000000000001e-01
	3.193159174020718e-04

 108	9.849999999999994e-11
	7.000000000000001e-01
	3.193159174020886e-04

 109	9.949999999999994e-11
	7.000000000000001e-01
	3.193159174021393e-04

 110	1.004999999999999e-10
	7.000000000000001e-01
	3.193159174021309e-04

 111	1.014999999999999e-10
	7.000000000000001e-01
	3.193159174020886e-04

 112	1.024999999999999e-10
	7.000000000000001e-01
	3.193159174021055e-04

 113	1.034999999999999e-10
	7.000000000000001e-01
	3.193159174021562e-04

 114	1.044999999999999e-10
	7.000000000000001e-01
	3.193159174021393e-04

 115	1.054999999999999e-10
	7.000000000000001e-01
	3.193159174020971e-04

 116	1.064999999999999e-10
	7.000000000000001e-01
	3.193159174021224e-04

 117	1.074999999999999e-10
	7.000000000000001e-01
	3.193159174021224e-04

 118	1.084999999999999e-10
	7.000000000000001e-01
	3.193159174020802e-04

 119	1.094999999999999e-10
	7.000000000000001e-01
	3.193159174021055e-04

 120	1.104999999999999e-10
	7.000000000000001e-01
	3.193159174021562e-04

 121	1.114999999999999e-10
	7.000000000000001e-01
	3.193159174021393e-04

 122	1.124999999999999e-10
	7.000000000000001e-01
	3.193159174020971e-04

 123	1.134999999999999e-10
	7.000000000000001e-01
	3.193159174021224e-04

 124	1.144999999999999e-10
	7.000000000000001e-01
	3.193159174021224e-04

 125	1.154999999999999e-10
	7.000000000000001e-01
	3.193159174020718e-04

 126	1.164999999999999e-10
	7.000000000000001e-01
	3.193159174020886e-04

 127	1.174999999999999e-10
	7.000000000000001e-01
	3.193159174021393e-04

 128	1.184999999999999e-10
	7.000000000000001e-01
	3.193159174021309e-04

 129	1.194999999999999e-10
	7.000000000000001e-01
	3.193159174020886e-04

 130	1.204999999999999e-10
	7.000000000000001e-01
	3.193159174021055e-04

 131	1.214999999999999e-10
	7.000000000000001e-01
	3.193159174021562e-04

 132	1.224999999999999e-10
	7.000000000000001e-01
	3.193159174021393e-04

 133	1.234999999999999e-10
	7.000000000000001e-01
	3.193159174020971e-04

 134	1.244999999999999e-10
	7.000000000000001e-01
	3.193159174021224e-04

 135	1.254999999999999e-10
	7.000000000000001e-01
	3.193159174021224e-04

 136	1.264999999999998e-10
	7.000000000000001e-01
	3.193159174020802e-04

 137	1.274999999999998e-10
	7.000000000000001e-01
	3.193159174021055e-04

 138	1.284999999999998e-10
	7.000000000000001e-01
	3.193159174021562e-04

 139	1.294999999999998e-10
	7.000000000000001e-01
	3.193159174021393e-04

 140	1.304999999999998e-10
	7.000000000000001e-01
	3.193159174020971e-04

 141	1.314999999999998e-10
	7.000000000000001e-01
	3.193159174021224e-04

 142	1.324999999999998e-10
	7.000000000000001e-01
	3.193159174021224e-04

 143	1.334999999999998e-10
	7.000000000000001e-01
	3.193159174020718e-04

 144	1.344999999999998e-10
	7.000000000000001e-01
	3.193159174020886e-04

 145	1.354999999999998e-10
	7.000000000000001e-01
	3.193159174021393e-04

 146	1.364999999999998e-10
	7.000000000000001e-01
	3.193159174021309e-04

 147	1.374999999999998e-10
	7.000000000000001e-01
	3.193159174020886e-04

 148	1.384999999999998e-10
	7.000000000000001e-01
	3.193159174021055e-04

 149	1.394999999999998e-10
	7.000000000000001e-01
	3.193159174021562e-04

 150	1.404999999999998e-10
	7.000000000000001e-01
	3.193159174021393e-04

 151	1.414999999999998e-10
	7.000000000000001e-01
	3.193159174020971e-04

 152	1.424999999999998e-10
	7.000000000000001e-01
	3.193159174021224e-04

 153	1.434999999999998e-10
	7.000000000000001e-01
	3.193159174021224e-04

 154	1.444999999999998e-10
	7.000000000000001e-01
	3.193159174020802e-04

 155	1.454999999999998e-10
	7.000000000000001e-01
	3.193159174021055e-04

 156	1.464999999999998e-10
	7.000000000000001e-01
	3.193159174021562e-04

 157	1.474999999999998e-10
	7.000000000000001e-01
	3.193159174021393e-04

 158	1.484999999999998e-10
	7.000000000000001e-01
	3.193159174020971e-04

 159	1.494999999999998e-10
	7.000000000000001e-01
	3.193159174021224e-04

 160	1.504999999999998e-10
	7.000000000000001e-01
	3.193159174021224e-04

 161	1.514999999999998e-10
	7.000000000000001e-01
	3.193159174020718e-04

 162	1.524999999999998e-10
	7.000000000000001e-01
	3.193159174020886e-04

 163	1.534999999999998e-10
	7.000000000000001e-01
	3.193159174021393e-04

 164	1.544999999999998e-10
	7.000000000000001e-01
	3.193159174021309e-04

 165	1.554999999999997e-10
	7.000000000000001e-01
	3.193159174020886e-04

 166	1.564999999999997e-10
	7.000000000000001e-01
	3.193159174021055e-04

 167	1.574999999999997e-10
	7.000000000000001e-01
	3.193159174021562e-04

 168	1.584999999999997e-10
	7.000000000000001e-01
	3.193159174021393e-04

 169	1.594999999999997e-10
	7.000000000000001e-01
	3.193159174020971e-04

 170	1.604999999999997e-10
	7.000000000000001e-01
	3.193159174021224e-04

 171	1.614999999999997e-10
	7.000000000000001e-01
	3.193159174021224e-04

 172	1.624999999999997e-10
	7.000000000000001e-01
	3.193159174020802e-04

 173	1.634999999999997e-10
	7.000000000000001e-01
	3.193159174021055e-04

 174	1.644999999999997e-10
	7.000000000000001e-01
	3.193159174021562e-04

 175	1.654999999999997e-10
	7.000000000000001e-01
	3.193159174021393e-04

 176	1.664999999999997e-10
	7.000000000000001e-01
	3.193159174020971e-04

 177	1.674999999999997e-10
	7.000000000000001e-01
	3.193159174021224e-04

 178	1.684999999999997e-10
	7.000000000000001e-01
	3.193159174021224e-04

 179	1.694999999999997e-10
	7.000000000000001e-01
	3.193159174020718e-04

 180	1.704999999999997e-10
	7.000000000000001e-01
	3.193159174020886e-04

 181	1.714999999999997e-10
	7.000000000000001e-01
	3.193159174021393e-04

 182	1.724999999999997e-10
	7.000000000000001e-01
	3.193159174021309e-04

 183	1.734999999999997e-10
	7.000000000000001e-01
	3.193159174020886e-04

 184	1.744999999999997e-10
	7.000000000000001e-01
	3.193159174021055e-04

 185	1.754999999999997e-10
	7.000000000000001e-01
	3.193159174021562e-04

 186	1.764999999999997e-10
	7.000000000000001e-01
	3.193159174021393e-04

 187	1.774999999999997e-10
	7.000000000000001e-01
	3.193159174020971e-04

 188	1.784999999999997e-10
	7.000000000000001e-01
	3.193159174021224e-04

 189	1.794999999999997e-10
	7.000000000000001e-01
	3.193159174021224e-04

 190	1.804999999999997e-10
	7.000000000000001e-01
	3.193159174020802e-04

 191	1.814999999999997e-10
	7.000000000000001e-01
	3.193159174021055e-04

 192	1.824999999999997e-10
	7.000000000000001e-01
	3.193159174021562e-04

 193	1.834999999999997e-10
	7.000000000000001e-01
	3.193159174021393e-04

 194	1.844999999999996e-10
	7.000000000000001e-01
	3.193159174020971e-04

 195	1.854999999999996e-10
	7.000000000000001e-01
	3.193159174021224e-04

 196	1.864999999999996e-10
	7.000000000000001e-01
	3.193159174021224e-04

 197	1.874999999999996e-10
	7.000000000000001e-01
	3.193159174020718e-04

 198	1.884999999999996e-10
	7.000000000000001e-01
	3.193159174020886e-04

 199	1.894999999999996e-10
	7.000000000000001e-01
	3.193159174021393e-04

 200	1.904999999999996e-10
	7.000000000000001e-01
	3.193159174021309e-04

 201	1.914999999999996e-10
	7.000000000000001e-01
	3.193159174020886e-04

 202	1.924999999999996e-10
	7.000000000000001e-01
	3.193159174021055e-04

 203	1.934999999999996e-10
	7.000000000000001e-01
	3.193159174021562e-04

 204	1.944999999999996e-10
	7.000000000000001e-01
	3.193159174021393e-04

 205	1.954999999999996e-10
	7.000000000000001e-01
	3.193159174020971e-04

 206	1.964999999999996e-10
	7.000000000000001e-01
	3.193159174021224e-04

 207	1.974999999999996e-10
	7.000000000000001e-01
	3.193159174021224e-04

 208	1.984999999999996e-10
	7.000000000000001e-01
	3.193159174020802e-04

 209	1.994999999999996e-10
	7.000000000000001e-01
	3.193159174021055e-04

 210	2.004999999999996e-10
	7.000000000000001e-01
	3.193159174021562e-04

 211	2.014999999999996e-10
	7.000000000000001e-01
	3.193159174021393e-04

 212	2.024999999999996e-10
	7.000000000000001e-01
	3.193159174020971e-04

 213	2.034999999999996e-10
	7.000000000000001e-01
	3.193159174021224e-04

 214	2.044999999999996e-10
	7.000000000000001e-01
	3.193159174021224e-04

 215	2.054999999999996e-10
	7.000000000000001e-01
	3.193159174020718e-04

 216	2.064999999999996e-10
	7.000000000000001e-01
	3.193159174020886e-04

 217	2.074999999999996e-10
	7.000000000000001e-01
	3.193159174021393e-04

 218	2.084999999999996e-10
	7.000000000000001e-01
	3.193159174021309e-04

 219	2.094999999999996e-10
	7.000000000000001e-01
	3.193159174020886e-04

 220	2.104999999999996e-10
	7.000000000000001e-01
	3.193159174021055e-04

 221	2.114999999999996e-10
	7.000000000000001e-01
	3.193159174021562e-04

 222	2.124999999999996e-10
	7.000000000000001e-01
	3.193159174021393e-04

 223	2.134999999999995e-10
	7.000000000000001e-01
	3.193159174020971e-04

 224	2.144999999999995e-10
	7.000000000000001e-01
	3.193159174021224e-04

 225	2.154999999999995e-10
	7.000000000000001e-01
	3.193159174021224e-04

 226	2.164999999999995e-10
	7.000000000000001e-01
	3.193159174020802e-04

 227	2.174999999999995e-10
	7.000000000000001e-01
	3.193159174021055e-04

 228	2.184999999999995e-10
	7.000000000000001e-01
	3.193159174021562e-04

 229	2.194999999999995e-10
	7.000000000000001e-01
	3.193159174021393e-04

 230	2.204999999999995e-10
	7.000000000000001e-01
	3.193159174020971e-04

 231	2.214999999999995e-10
	7.000000000000001e-01
	3.193159174021224e-04

 232	2.224999999999995e-10
	7.000000000000001e-01
	3.193159174021224e-04

 233	2.234999999999995e-10
	7.000000000000001e-01
	3.193159174020718e-04

 234	2.244999999999995e-10
	7.000000000000001e-01
	3.193159174020886e-04

 235	2.254999999999995e-10
	7.000000000000001e-01
	3.193159174021393e-04

 236	2.264999999999995e-10
	7.000000000000001e-01
	3.193159174021309e-04

 237	2.274999999999995e-10
	7.000000000000001e-01
	3.193159174020886e-04

 238	2.284999999999995e-10
	7.000000000000001e-01
	3.193159174021055e-04

 239	2.294999999999995e-10
	7.000000000000001e-01
	3.193159174021562e-04

 240	2.304999999999995e-10
	7.000000000000001e-01
	3.193159174021393e-04

 241	2.314999999999995e-10
	7.000000000000001e-01
	3.193159174020971e-04

 242	2.324999999999995e-10
	7.000000000000001e-01
	3.193159174021224e-04

 243	2.334999999999995e-10
	7.000000000000001e-01
	3.193159174021224e-04

 244	2.344999999999995e-10
	7.000000000000001e-01
	3.193159174020802e-04

 245	2.354999999999995e-10
	7.000000000000001e-01
	3.193159174021055e-04

 246	2.364999999999995e-10
	7.000000000000001e-01
	3.193159174021562e-04

 247	2.374999999999995e-10
	7.000000000000001e-01
	3.193159174021393e-04

 248	2.384999999999995e-10
	7.000000000000001e-01
	3.193159174020971e-04

 249	2.394999999999995e-10
	7.000000000000001e-01
	3.193159174021224e-04

 250	2.404999999999995e-10
	7.000000000000001e-01
	3.193159174021224e-04

 251	2.414999999999995e-10
	7.000000000000001e-01
	3.193159174020802e-04

 252	2.424999999999995e-10
	7.000000000000001e-01
	3.193159174021055e-04

 253	2.434999999999995e-10
	7.000000000000001e-01
	3.193159174021562e-04

 254	2.444999999999995e-10
	7.000000000000001e-01
	3.193159174021393e-04

 255	2.454999999999995e-10
	7.000000000000001e-01
	3.193159174020971e-04

 256	2.464999999999995e-10
	7.000000000000001e-01
	3.193159174021224e-04

 257	2.474999999999995e-10
	7.000000000000001e-01
	3.193159174021224e-04

 258	2.484999999999995e-10
	7.000000000000001e-01
	3.193159174020802e-04

 259	2.494999999999994e-10
	7.000000000000001e-01
	3.193159174021055e-04

 260	2.504999999999994e-10
	7.000000000000001e-01
	3.193159174021562e-04

 261	2.514999999999994e-10
	7.000000000000001e-01
	3.193159174021393e-04

 262	2.524999999999994e-10
	7.000000000000001e-01
	3.193159174020971e-04

 263	2.534999999999994e-10
	7.000000000000001e-01
	3.193159174021224e-04

 264	2.544999999999994e-10
	7.000000000000001e-01
	3.193159174021224e-04

 265	2.554999999999994e-10
	7.000000000000001e-01
	3.193159174020802e-04

 266	2.564999999999994e-10
	7.000000000000001e-01
	3.193159174021055e-04

 267	2.574999999999994e-10
	7.000000000000001e-01
	3.193159174021562e-04

 268	2.584999999999994e-10
	7.000000000000001e-01
	3.193159174021393e-04

 269	2.594999999999994e-10
	7.000000000000001e-01
	3.193159174020971e-04

 270	2.604999999999994e-10
	7.000000000000001e-01
	3.193159174021224e-04

 271	2.614999999999994e-10
	7.000000000000001e-01
	3.193159174021224e-04

 272	2.624999999999994e-10
	7.000000000000001e-01
	3.193159174020802e-04

 273	2.634999999999994e-10
	7.000000000000001e-01
	3.193159174021055e-04

 274	2.644999999999994e-10
	7.000000000000001e-01
	3.193159174021562e-04

 275	2.654999999999994e-10
	7.000000000000001e-01
	3.193159174021393e-04

 276	2.664999999999994e-10
	7.000000000000001e-01
	3.193159174020971e-04

 277	2.674999999999994e-10
	7.000000000000001e-01
	3.193159174021224e-04

 278	2.684999999999994e-10
	7.000000000000001e-01
	3.193159174021224e-04

 279	2.694999999999994e-10
	7.000000000000001e-01
	3.193159174020802e-04

 280	2.704999999999994e-10
	7.000000000000001e-01
	3.193159174021055e-04

 281	2.714999999999994e-10
	7.000000000000001e-01
	3.193159174021562e-04

 282	2.724999999999994e-10
	7.000000000000001e-01
	3.193159174021393e-04

 283	2.734999999999994e-10
	7.000000000000001e-01
	3.193159174020971e-04

 284	2.744999999999994e-10
	7.000000000000001e-01
	3.193159174021224e-04

 285	2.754999999999994e-10
	7.000000000000001e-01
	3.193159174021224e-04

 286	2.764999999999994e-10
	7.000000000000001e-01
	3.193159174020802e-04

 287	2.774999999999994e-10
	7.000000000000001e-01
	3.193159174021055e-04

 288	2.784999999999993e-10
	7.000000000000001e-01
	3.193159174021562e-04

 289	2.794999999999993e-10
	7.000000000000001e-01
	3.193159174021393e-04

 290	2.804999999999993e-10
	7.000000000000001e-01
	3.193159174020971e-04

 291	2.814999999999993e-10
	7.000000000000001e-01
	3.193159174021224e-04

 292	2.824999999999993e-10
	7.000000000000001e-01
	3.193159174021224e-04

 293	2.834999999999993e-10
	7.000000000000001e-01
	3.193159174020802e-04

 294	2.844999999999993e-10
	7.000000000000001e-01
	3.193159174021055e-04

 295	2.854999999999993e-10
	7.000000000000001e-01
	3.193159174021562e-04

 296	2.864999999999993e-10
	7.000000000000001e-01
	3.193159174021393e-04

 297	2.874999999999993e-10
	7.000000000000001e-01
	3.193159174020971e-04

 298	2.884999999999993e-10
	7.000000000000001e-01
	3.193159174021224e-04

 299	2.894999999999993e-10
	7.000000000000001e-01
	3.193159174021224e-04

 300	2.904999999999993e-10
	7.000000000000001e-01
	3.193159174020802e-04

 301	2.914999999999993e-10
	7.000000000000001e-01
	3.193159174021055e-04

 302	2.924999999999993e-10
	7.000000000000001e-01
	3.193159174021562e-04

 303	2.934999999999993e-10
	7.000000000000001e-01
	3.193159174021393e-04

 304	2.944999999999993e-10
	7.000000000000001e-01
	3.193159174020971e-04

 305	2.954999999999993e-10
	7.000000000000001e-01
	3.193159174021224e-04

 306	2.964999999999993e-10
	7.000000000000001e-01
	3.193159174021224e-04

 307	2.974999999999993e-10
	7.000000000000001e-01
	3.193159174020802e-04

 308	2.984999999999993e-10
	7.000000000000001e-01
	3.193159174021055e-04

 309	2.994999999999993e-10
	7.000000000000001e-01
	3.193159174021562e-04

 310	3.004999999999993e-10
	7.000000000000001e-01
	3.193159174021393e-04

 311	3.014999999999993e-10
	7.000000000000001e-01
	3.193159174020971e-04

 312	3.024999999999993e-10
	7.000000000000001e-01
	3.193159174021224e-04

 313	3.034999999999993e-10
	7.000000000000001e-01
	3.193159174021224e-04

 314	3.044999999999993e-10
	7.000000000000001e-01
	3.193159174020802e-04

 315	3.054999999999993e-10
	7.000000000000001e-01
	3.193159174021055e-04

 316	3.064999999999993e-10
	7.000000000000001e-01
	3.193159174021562e-04

 317	3.074999999999992e-10
	7.000000000000001e-01
	3.193159174021393e-04

 318	3.084999999999992e-10
	7.000000000000001e-01
	3.193159174020971e-04

 319	3.094999999999992e-10
	7.000000000000001e-01
	3.193159174021224e-04

 320	3.104999999999992e-10
	7.000000000000001e-01
	3.193159174021224e-04

 321	3.114999999999992e-10
	7.000000000000001e-01
	3.193159174020802e-04

 322	3.124999999999992e-10
	7.000000000000001e-01
	3.193159174021055e-04

 323	3.134999999999992e-10
	7.000000000000001e-01
	3.193159174021562e-04

 324	3.144999999999992e-10
	7.000000000000001e-01
	3.193159174021393e-04

 325	3.154999999999992e-10
	7.000000000000001e-01
	3.193159174020971e-04

 326	3.164999999999992e-10
	7.000000000000001e-01
	3.193159174021224e-04

 327	3.174999999999992e-10
	7.000000000000001e-01
	3.193159174021224e-04

 328	3.184999999999992e-10
	7.000000000000001e-01
	3.193159174020802e-04

 329	3.194999999999992e-10
	7.000000000000001e-01
	3.193159174021055e-04

 330	3.204999999999992e-10
	7.000000000000001e-01
	3.193159174021562e-04

 331	3.214999999999992e-10
	7.000000000000001e-01
	3.193159174021393e-04

 332	3.224999999999992e-10
	7.000000000000001e-01
	3.193159174020971e-04

 333	3.234999999999992e-10
	7.000000000000001e-01
	3.193159174021224e-04

 334	3.244999999999992e-10
	7.000000000000001e-01
	3.193159174021224e-04

 335	3.254999999999992e-10
	7.000000000000001e-01
	3.193159174020802e-04

 336	3.264999999999992e-10
	7.000000000000001e-01
	3.193159174021055e-04

 337	3.274999999999992e-10
	7.000000000000001e-01
	3.193159174021562e-04

 338	3.284999999999992e-10
	7.000000000000001e-01
	3.193159174021393e-04

 339	3.294999999999992e-10
	7.000000000000001e-01
	3.193159174020971e-04

 340	3.304999999999992e-10
	7.000000000000001e-01
	3.193159174021224e-04

 341	3.314999999999992e-10
	7.000000000000001e-01
	3.193159174021224e-04

 342	3.324999999999992e-10
	7.000000000000001e-01
	3.193159174020802e-04

 343	3.334999999999992e-10
	7.000000000000001e-01
	3.193159174021055e-04

 344	3.344999999999992e-10
	7.000000000000001e-01
	3.193159174021562e-04

 345	3.354999999999992e-10
	7.000000000000001e-01
	3.193159174021393e-04

 346	3.364999999999991e-10
	7.000000000000001e-01
	3.193159174020971e-04

 347	3.374999999999991e-10
	7.000000000000001e-01
	3.193159174021224e-04

 348	3.384999999999991e-10
	7.000000000000001e-01
	3.193159174021224e-04

 349	3.394999999999991e-10
	7.000000000000001e-01
	3.193159174020802e-04

 350	3.404999999999991e-10
	7.000000000000001e-01
	3.193159174021055e-04

 351	3.414999999999991e-10
	7.000000000000001e-01
	3.193159174021562e-04

 352	3.424999999999991e-10
	7.000000000000001e-01
	3.193159174021393e-04

 353	3.434999999999991e-10
	7.000000000000001e-01
	3.193159174020971e-04

 354	3.444999999999991e-10
	7.000000000000001e-01
	3.193159174021224e-04

 355	3.454999999999991e-10
	7.000000000000001e-01
	3.193159174021224e-04

 356	3.464999999999991e-10
	7.000000000000001e-01
	3.193159174020802e-04

 357	3.474999999999991e-10
	7.000000000000001e-01
	3.193159174021055e-04

 358	3.484999999999991e-10
	7.000000000000001e-01
	3.193159174021562e-04

 359	3.494999999999991e-10
	7.000000000000001e-01
	3.193159174021393e-04

 360	3.504999999999991e-10
	7.000000000000001e-01
	3.193159174020971e-04

 361	3.514999999999991e-10
	7.000000000000001e-01
	3.193159174021224e-04

 362	3.524999999999991e-10
	7.000000000000001e-01
	3.193159174021224e-04

 363	3.534999999999991e-10
	7.000000000000001e-01
	3.193159174020802e-04

 364	3.544999999999991e-10
	7.000000000000001e-01
	3.193159174021055e-04

 365	3.554999999999991e-10
	7.000000000000001e-01
	3.193159174021562e-04

 366	3.564999999999991e-10
	7.000000000000001e-01
	3.193159174021393e-04

 367	3.574999999999991e-10
	7.000000000000001e-01
	3.193159174020971e-04

 368	3.584999999999991e-10
	7.000000000000001e-01
	3.193159174021224e-04

 369	3.594999999999991e-10
	7.000000000000001e-01
	3.193159174021224e-04

 370	3.604999999999991e-10
	7.000000000000001e-01
	3.193159174020802e-04

 371	3.614999999999991e-10
	7.000000000000001e-01
	3.193159174021055e-04

 372	3.624999999999991e-10
	7.000000000000001e-01
	3.193159174021562e-04

 373	3.634999999999991e-10
	7.000000000000001e-01
	3.193159174021393e-04

 374	3.644999999999991e-10
	7.000000000000001e-01
	3.193159174020971e-04

 375	3.654999999999990e-10
	7.000000000000001e-01
	3.193159174021224e-04

 376	3.664999999999990e-10
	7.000000000000001e-01
	3.193159174021224e-04

 377	3.674999999999990e-10
	7.000000000000001e-01
	3.193159174020802e-04

 378	3.684999999999990e-10
	7.000000000000001e-01
	3.193159174021055e-04

 379	3.694999999999990e-10
	7.000000000000001e-01
	3.193159174021562e-04

 380	3.704999999999990e-10
	7.000000000000001e-01
	3.193159174021393e-04

 381	3.714999999999990e-10
	7.000000000000001e-01
	3.193159174020971e-04

 382	3.724999999999990e-10
	7.000000000000001e-01
	3.193159174021224e-04

 383	3.734999999999990e-10
	7.000000000000001e-01
	3.193159174021224e-04

 384	3.744999999999990e-10
	7.000000000000001e-01
	3.193159174020802e-04

 385	3.754999999999990e-10
	7.000000000000001e-01
	3.193159174021055e-04

 386	3.764999999999990e-10
	7.000000000000001e-01
	3.193159174021562e-04

 387	3.774999999999990e-10
	7.000000000000001e-01
	3.193159174021393e-04

 388	3.784999999999990e-10
	7.000000000000001e-01
	3.193159174020971e-04

 389	3.794999999999990e-10
	7.000000000000001e-01
	3.193159174021224e-04

 390	3.804999999999990e-10
	7.000000000000001e-01
	3.193159174021224e-04

 391	3.814999999999990e-10
	7.000000000000001e-01
	3.193159174020802e-04

 392	3.824999999999990e-10
	7.000000000000001e-01
	3.193159174021055e-04

 393	3.834999999999990e-10
	7.000000000000001e-01
	3.193159174021562e-04

 394	3.844999999999990e-10
	7.000000000000001e-01
	3.193159174021393e-04

 395	3.854999999999990e-10
	7.000000000000001e-01
	3.193159174020971e-04

 396	3.864999999999990e-10
	7.000000000000001e-01
	3.193159174021224e-04

 397	3.874999999999990e-10
	7.000000000000001e-01
	3.193159174021224e-04

 398	3.884999999999990e-10
	7.000000000000001e-01
	3.193159174020802e-04

 399	3.894999999999990e-10
	7.000000000000001e-01
	3.193159174021055e-04

 400	3.904999999999990e-10
	7.000000000000001e-01
	3.193159174021562e-04

 401	3.914999999999990e-10
	7.000000000000001e-01
	3.193159174021393e-04

 402	3.924999999999990e-10
	7.000000000000001e-01
	3.193159174020971e-04

 403	3.934999999999990e-10
	7.000000000000001e-01
	3.193159174021224e-04

 404	3.944999999999989e-10
	7.000000000000001e-01
	3.193159174021224e-04

 405	3.954999999999989e-10
	7.000000000000001e-01
	3.193159174020802e-04

 406	3.964999999999989e-10
	7.000000000000001e-01
	3.193159174021055e-04

 407	3.974999999999989e-10
	7.000000000000001e-01
	3.193159174021562e-04

 408	3.984999999999989e-10
	7.000000000000001e-01
	3.193159174021393e-04

 409	3.994999999999989e-10
	7.000000000000001e-01
	3.193159174020971e-04

 410	4.004999999999989e-10
	7.000000000000001e-01
	3.193159174021224e-04

 411	4.014999999999989e-10
	7.000000000000001e-01
	3.193159174021224e-04

 412	4.024999999999989e-10
	7.000000000000001e-01
	3.193159174020802e-04

 413	4.034999999999989e-10
	7.000000000000001e-01
	3.193159174021055e-04

 414	4.044999999999989e-10
	7.000000000000001e-01
	3.193159174021562e-04

 415	4.054999999999989e-10
	7.000000000000001e-01
	3.193159174021393e-04

 416	4.064999999999989e-10
	7.000000000000001e-01
	3.193159174020971e-04

 417	4.074999999999989e-10
	7.000000000000001e-01
	3.193159174021224e-04

 418	4.084999999999989e-10
	7.000000000000001e-01
	3.193159174021224e-04

 419	4.094999999999989e-10
	7.000000000000001e-01
	3.193159174020802e-04

 420	4.104999999999989e-10
	7.000000000000001e-01
	3.193159174021055e-04

 421	4.114999999999989e-10
	7.000000000000001e-01
	3.193159174021562e-04

 422	4.124999999999989e-10
	7.000000000000001e-01
	3.193159174021393e-04

 423	4.134999999999989e-10
	7.000000000000001e-01
	3.193159174020971e-04

 424	4.144999999999989e-10
	7.000000000000001e-01
	3.193159174021224e-04

 425	4.154999999999989e-10
	7.000000000000001e-01
	3.193159174021224e-04

 426	4.164999999999989e-10
	7.000000000000001e-01
	3.193159174020802e-04

 427	4.174999999999989e-10
	7.000000000000001e-01
	3.193159174021055e-04

 428	4.184999999999989e-10
	7.000000000000001e-01
	3.193159174021562e-04

 429	4.194999999999989e-10
	7.000000000000001e-01
	3.193159174021393e-04

 430	4.204999999999989e-10
	7.000000000000001e-01
	3.193159174020971e-04

 431	4.214999999999989e-10
	7.000000000000001e-01
	3.193159174021224e-04

 432	4.224999999999989e-10
	7.000000000000001e-01
	3.193159174021224e-04

 433	4.234999999999988e-10
	7.000000000000001e-01
	3.193159174020802e-04

 434	4.244999999999988e-10
	7.000000000000001e-01
	3.193159174021055e-04

 435	4.254999999999988e-10
	7.000000000000001e-01
	3.193159174021562e-04

 436	4.264999999999988e-10
	7.000000000000001e-01
	3.193159174021393e-04

 437	4.274999999999988e-10
	7.000000000000001e-01
	3.193159174020971e-04

 438	4.284999999999988e-10
	7.000000000000001e-01
	3.193159174021224e-04

 439	4.294999999999988e-10
	7.000000000000001e-01
	3.193159174021224e-04

 440	4.304999999999988e-10
	7.000000000000001e-01
	3.193159174020802e-04

 441	4.314999999999988e-10
	7.000000000000001e-01
	3.193159174021055e-04

 442	4.324999999999988e-10
	7.000000000000001e-01
	3.193159174021562e-04

 443	4.334999999999988e-10
	7.000000000000001e-01
	3.193159174021393e-04

 444	4.344999999999988e-10
	7.000000000000001e-01
	3.193159174020971e-04

 445	4.354999999999988e-10
	7.000000000000001e-01
	3.193159174021224e-04

 446	4.364999999999988e-10
	7.000000000000001e-01
	3.193159174021224e-04

 447	4.374999999999988e-10
	7.000000000000001e-01
	3.193159174020802e-04

 448	4.384999999999988e-10
	7.000000000000001e-01
	3.193159174021055e-04

 449	4.394999999999988e-10
	7.000000000000001e-01
	3.193159174021562e-04

 450	4.404999999999988e-10
	7.000000000000001e-01
	3.193159174021393e-04

 451	4.414999999999988e-10
	7.000000000000001e-01
	3.193159174020971e-04

 452	4.424999999999988e-10
	7.000000000000001e-01
	3.193159174021224e-04

 453	4.434999999999988e-10
	7.000000000000001e-01
	3.193159174021224e-04

 454	4.444999999999988e-10
	7.000000000000001e-01
	3.193159174020802e-04

 455	4.454999999999988e-10
	7.000000000000001e-01
	3.193159174021055e-04

 456	4.464999999999988e-10
	7.000000000000001e-01
	3.193159174021562e-04

 457	4.474999999999988e-10
	7.000000000000001e-01
	3.193159174021393e-04

 458	4.484999999999988e-10
	7.000000000000001e-01
	3.193159174020971e-04

 459	4.494999999999988e-10
	7.000000000000001e-01
	3.193159174021224e-04

 460	4.504999999999988e-10
	7.000000000000001e-01
	3.193159174021224e-04

 461	4.514999999999988e-10
	7.000000000000001e-01
	3.193159174020802e-04

 462	4.524999999999987e-10
	7.000000000000001e-01
	3.193159174021055e-04

 463	4.534999999999987e-10
	7.000000000000001e-01
	3.193159174021562e-04

 464	4.544999999999987e-10
	7.000000000000001e-01
	3.193159174021393e-04

 465	4.554999999999987e-10
	7.000000000000001e-01
	3.193159174020971e-04

 466	4.564999999999987e-10
	7.000000000000001e-01
	3.193159174021224e-04

 467	4.574999999999987e-10
	7.000000000000001e-01
	3.193159174021224e-04

 468	4.584999999999987e-10
	7.000000000000001e-01
	3.193159174020802e-04

 469	4.594999999999987e-10
	7.000000000000001e-01
	3.193159174021055e-04

 470	4.604999999999987e-10
	7.000000000000001e-01
	3.193159174021562e-04

 471	4.614999999999987e-10
	7.000000000000001e-01
	3.193159174021393e-04

 472	4.624999999999987e-10
	7.000000000000001e-01
	3.193159174020971e-04

 473	4.634999999999987e-10
	7.000000000000001e-01
	3.193159174021224e-04

 474	4.644999999999987e-10
	7.000000000000001e-01
	3.193159174021224e-04

 475	4.654999999999987e-10
	7.000000000000001e-01
	3.193159174020802e-04

 476	4.664999999999988e-10
	7.000000000000001e-01
	3.193159174021055e-04

 477	4.674999999999987e-10
	7.000000000000001e-01
	3.193159174021562e-04

 478	4.684999999999987e-10
	7.000000000000001e-01
	3.193159174021393e-04

 479	4.694999999999987e-10
	7.000000000000001e-01
	3.193159174020971e-04

 480	4.704999999999987e-10
	7.000000000000001e-01
	3.193159174021224e-04

 481	4.714999999999987e-10
	7.000000000000001e-01
	3.193159174021224e-04

 482	4.724999999999987e-10
	7.000000000000001e-01
	3.193159174020802e-04

 483	4.734999999999987e-10
	7.000000000000001e-01
	3.193159174021055e-04

 484	4.744999999999987e-10
	7.000000000000001e-01
	3.193159174021562e-04

 485	4.754999999999987e-10
	7.000000000000001e-01
	3.193159174021393e-04

 486	4.764999999999987e-10
	7.000000000000001e-01
	3.193159174020971e-04

 487	4.774999999999987e-10
	7.000000000000001e-01
	3.193159174021224e-04

 488	4.784999999999987e-10
	7.000000000000001e-01
	3.193159174021224e-04

 489	4.794999999999987e-10
	7.000000000000001e-01
	3.193159174020802e-04

 490	4.804999999999987e-10
	7.000000000000001e-01
	3.193159174021055e-04

 491	4.814999999999987e-10
	7.000000000000001e-01
	3.193159174021562e-04

 492	4.824999999999987e-10
	7.000000000000001e-01
	3.193159174021393e-04

 493	4.834999999999987e-10
	7.000000000000001e-01
	3.193159174020971e-04

 494	4.844999999999987e-10
	7.000000000000001e-01
	3.193159174021224e-04

 495	4.854999999999987e-10
	7.000000000000001e-01
	3.193159174021224e-04

 496	4.864999999999987e-10
	7.000000000000001e-01
	3.193159174020802e-04

 497	4.874999999999987e-10
	7.000000000000001e-01
	3.193159174021055e-04

 498	4.884999999999987e-10
	7.000000000000001e-01
	3.193159174021562e-04

 499	4.894999999999987e-10
	7.000000000000001e-01
	3.193159174021393e-04

 500	4.904999999999987e-10
	7.000000000000001e-01
	3.193159174020971e-04

 501	4.914999999999987e-10
	7.000000000000001e-01
	3.193159174021224e-04

 502	4.924999999999987e-10
	7.000000000000001e-01
	3.193159174021224e-04

 503	4.934999999999987e-10
	7.000000000000001e-01
	3.193159174020802e-04

 504	4.944999999999987e-10
	7.000000000000001e-01
	3.193159174021055e-04

 505	4.954999999999987e-10
	7.000000000000001e-01
	3.193159174021562e-04

 506	4.964999999999986e-10
	7.000000000000001e-01
	3.193159174021393e-04

 507	4.974999999999986e-10
	7.000000000000001e-01
	3.193159174020971e-04

 508	4.984999999999986e-10
	7.000000000000001e-01
	3.193159174021224e-04

 509	4.994999999999986e-10
	7.000000000000001e-01
	3.193159174021224e-04

 510	5.004999999999986e-10
	7.000000000000001e-01
	3.193159174020802e-04

 511	5.014999999999986e-10
	7.000000000000001e-01
	3.193159174021055e-04

 512	5.024999999999986e-10
	7.000000000000001e-01
	3.193159174021562e-04

 513	5.034999999999986e-10
	7.000000000000001e-01
	3.193159174021393e-04

 514	5.044999999999986e-10
	7.000000000000001e-01
	3.193159174020971e-04

 515	5.054999999999986e-10
	7.000000000000001e-01
	3.193159174021224e-04

 516	5.064999999999986e-10
	7.000000000000001e-01
	3.193159174021224e-04

 517	5.074999999999986e-10
	7.000000000000001e-01
	3.193159174020802e-04

 518	5.084999999999986e-10
	7.000000000000001e-01
	3.193159174021055e-04

 519	5.094999999999986e-10
	7.000000000000001e-01
	3.193159174021562e-04

 520	5.104999999999986e-10
	7.000000000000001e-01
	3.193159174021393e-04

 521	5.114999999999986e-10
	7.000000000000001e-01
	3.193159174020971e-04

 522	5.124999999999986e-10
	7.000000000000001e-01
	3.193159174021224e-04

 523	5.134999999999986e-10
	7.000000000000001e-01
	3.193159174021224e-04

 524	5.144999999999986e-10
	7.000000000000001e-01
	3.193159174020802e-04

 525	5.154999999999986e-10
	7.000000000000001e-01
	3.193159174021055e-04

 526	5.164999999999986e-10
	7.000000000000001e-01
	3.193159174021562e-04

 527	5.174999999999986e-10
	7.000000000000001e-01
	3.193159174021393e-04

 528	5.184999999999986e-10
	7.000000000000001e-01
	3.193159174020971e-04

 529	5.194999999999986e-10
	7.000000000000001e-01
	3.193159174021224e-04

 530	5.204999999999986e-10
	7.000000000000001e-01
	3.193159174021224e-04

 531	5.214999999999986e-10
	7.000000000000001e-01
	3.193159174020802e-04

 532	5.224999999999986e-10
	7.000000000000001e-01
	3.193159174021055e-04

 533	5.234999999999986e-10
	7.000000000000001e-01
	3.193159174021562e-04

 534	5.244999999999986e-10
	7.000000000000001e-01
	3.193159174021393e-04

 535	5.254999999999985e-10
	7.000000000000001e-01
	3.193159174020971e-04

 536	5.264999999999985e-10
	7.000000000000001e-01
	3.193159174021224e-04

 537	5.274999999999985e-10
	7.000000000000001e-01
	3.193159174021224e-04

 538	5.284999999999985e-10
	7.000000000000001e-01
	3.193159174020802e-04

 539	5.294999999999985e-10
	7.000000000000001e-01
	3.193159174021055e-04

 540	5.304999999999985e-10
	7.000000000000001e-01
	3.193159174021562e-04

 541	5.314999999999985e-10
	7.000000000000001e-01
	3.193159174021393e-04

 542	5.324999999999985e-10
	7.000000000000001e-01
	3.193159174020971e-04

 543	5.334999999999985e-10
	7.000000000000001e-01
	3.193159174021224e-04

 544	5.344999999999985e-10
	7.000000000000001e-01
	3.193159174021224e-04

 545	5.354999999999985e-10
	7.000000000000001e-01
	3.193159174020802e-04

 546	5.364999999999985e-10
	7.000000000000001e-01
	3.193159174021055e-04

 547	5.374999999999985e-10
	7.000000000000001e-01
	3.193159174021562e-04

 548	5.384999999999985e-10
	7.000000000000001e-01
	3.193159174021393e-04

 549	5.394999999999985e-10
	7.000000000000001e-01
	3.193159174020971e-04

 550	5.404999999999985e-10
	7.000000000000001e-01
	3.193159174021224e-04

 551	5.414999999999985e-10
	7.000000000000001e-01
	3.193159174021224e-04

 552	5.424999999999985e-10
	7.000000000000001e-01
	3.193159174020802e-04

 553	5.434999999999985e-10
	7.000000000000001e-01
	3.193159174021055e-04

 554	5.444999999999985e-10
	7.000000000000001e-01
	3.193159174021562e-04

 555	5.454999999999985e-10
	7.000000000000001e-01
	3.193159174021393e-04

 556	5.464999999999985e-10
	7.000000000000001e-01
	3.193159174020971e-04

 557	5.474999999999985e-10
	7.000000000000001e-01
	3.193159174021224e-04

 558	5.484999999999985e-10
	7.000000000000001e-01
	3.193159174021224e-04

 559	5.494999999999985e-10
	7.000000000000001e-01
	3.193159174020802e-04

 560	5.504999999999985e-10
	7.000000000000001e-01
	3.193159174021055e-04

 561	5.514999999999985e-10
	7.000000000000001e-01
	3.193159174021562e-04

 562	5.524999999999985e-10
	7.000000000000001e-01
	3.193159174021393e-04

 563	5.534999999999985e-10
	7.000000000000001e-01
	3.193159174020971e-04

 564	5.544999999999984e-10
	7.000000000000001e-01
	3.193159174021224e-04

 565	5.554999999999984e-10
	7.000000000000001e-01
	3.193159174021224e-04

 566	5.564999999999984e-10
	7.000000000000001e-01
	3.193159174020802e-04

 567	5.574999999999984e-10
	7.000000000000001e-01
	3.193159174021055e-04

 568	5.584999999999984e-10
	7.000000000000001e-01
	3.193159174021562e-04

 569	5.594999999999984e-10
	7.000000000000001e-01
	3.193159174021393e-04

 570	5.604999999999984e-10
	7.000000000000001e-01
	3.193159174020971e-04

 571	5.614999999999984e-10
	7.000000000000001e-01
	3.193159174021224e-04

 572	5.624999999999984e-10
	7.000000000000001e-01
	3.193159174021224e-04

 573	5.634999999999984e-10
	7.000000000000001e-01
	3.193159174020802e-04

 574	5.644999999999984e-10
	7.000000000000001e-01
	3.193159174021055e-04

 575	5.654999999999984e-10
	7.000000000000001e-01
	3.193159174021562e-04

 576	5.664999999999984e-10
	7.000000000000001e-01
	3.193159174021393e-04

 577	5.674999999999984e-10
	7.000000000000001e-01
	3.193159174020971e-04

 578	5.684999999999984e-10
	7.000000000000001e-01
	3.193159174021224e-04

 579	5.694999999999984e-10
	7.000000000000001e-01
	3.193159174021224e-04

 580	5.704999999999984e-10
	7.000000000000001e-01
	3.193159174020802e-04

 581	5.714999999999984e-10
	7.000000000000001e-01
	3.193159174021055e-04

 582	5.724999999999984e-10
	7.000000000000001e-01
	3.193159174021562e-04

 583	5.734999999999984e-10
	7.000000000000001e-01
	3.193159174021393e-04

 584	5.744999999999984e-10
	7.000000000000001e-01
	3.193159174020971e-04

 585	5.754999999999984e-10
	7.000000000000001e-01
	3.193159174021224e-04

 586	5.764999999999984e-10
	7.000000000000001e-01
	3.193159174021224e-04

 587	5.774999999999984e-10
	7.000000000000001e-01
	3.193159174020802e-04

 588	5.784999999999984e-10
	7.000000000000001e-01
	3.193159174021055e-04

 589	5.794999999999984e-10
	7.000000000000001e-01
	3.193159174021562e-04

 590	5.804999999999984e-10
	7.000000000000001e-01
	3.193159174021393e-04

 591	5.814999999999984e-10
	7.000000000000001e-01
	3.193159174020971e-04

 592	5.824999999999984e-10
	7.000000000000001e-01
	3.193159174021224e-04

 593	5.834999999999983e-10
	7.000000000000001e-01
	3.193159174021224e-04

 594	5.844999999999983e-10
	7.000000000000001e-01
	3.193159174020802e-04

 595	5.854999999999983e-10
	7.000000000000001e-01
	3.193159174021055e-04

 596	5.864999999999983e-10
	7.000000000000001e-01
	3.193159174021562e-04

 597	5.874999999999983e-10
	7.000000000000001e-01
	3.193159174021393e-04

 598	5.884999999999983e-10
	7.000000000000001e-01
	3.193159174020971e-04

 599	5.894999999999983e-10
	7.000000000000001e-01
	3.193159174021224e-04

 600	5.904999999999983e-10
	7.000000000000001e-01
	3.193159174021224e-04

 601	5.914999999999983e-10
	7.000000000000001e-01
	3.193159174020802e-04

 602	5.924999999999983e-10
	7.000000000000001e-01
	3.193159174021055e-04

 603	5.934999999999983e-10
	7.000000000000001e-01
	3.193159174021562e-04

 604	5.944999999999983e-10
	7.000000000000001e-01
	3.193159174021393e-04

 605	5.954999999999983e-10
	7.000000000000001e-01
	3.193159174020971e-04

 606	5.964999999999983e-10
	7.000000000000001e-01
	3.193159174021224e-04

 607	5.974999999999983e-10
	7.000000000000001e-01
	3.193159174021224e-04

 608	5.984999999999983e-10
	7.000000000000001e-01
	3.193159174020802e-04

 609	5.994999999999983e-10
	7.000000000000001e-01
	3.193159174021055e-04

 610	6.004999999999983e-10
	7.000000000000001e-01
	3.193159174021562e-04

 611	6.014999999999983e-10
	7.000000000000001e-01
	3.193159174021393e-04

 612	6.024999999999983e-10
	7.000000000000001e-01
	3.193159174020971e-04

 613	6.034999999999983e-10
	7.000000000000001e-01
	3.193159174021224e-04

 614	6.044999999999983e-10
	7.000000000000001e-01
	3.193159174021224e-04

 615	6.054999999999983e-10
	7.000000000000001e-01
	3.193159174020802e-04

 616	6.064999999999983e-10
	7.000000000000001e-01
	3.193159174021055e-04

 617	6.074999999999983e-10
	7.000000000000001e-01
	3.193159174021562e-04

 618	6.084999999999983e-10
	7.000000000000001e-01
	3.193159174021393e-04

 619	6.094999999999983e-10
	7.000000000000001e-01
	3.193159174020971e-04

 620	6.104999999999983e-10
	7.000000000000001e-01
	3.193159174021224e-04

 621	6.114999999999983e-10
	7.000000000000001e-01
	3.193159174021224e-04

 622	6.124999999999982e-10
	7.000000000000001e-01
	3.193159174020802e-04

 623	6.134999999999982e-10
	7.000000000000001e-01
	3.193159174021055e-04

 624	6.144999999999982e-10
	7.000000000000001e-01
	3.193159174021562e-04

 625	6.154999999999982e-10
	7.000000000000001e-01
	3.193159174021393e-04

 626	6.164999999999982e-10
	7.000000000000001e-01
	3.193159174020971e-04

 627	6.174999999999982e-10
	7.000000000000001e-01
	3.193159174021224e-04

 628	6.184999999999982e-10
	7.000000000000001e-01
	3.193159174021224e-04

 629	6.194999999999982e-10
	7.000000000000001e-01
	3.193159174020802e-04

 630	6.204999999999982e-10
	7.000000000000001e-01
	3.193159174021055e-04

 631	6.214999999999982e-10
	7.000000000000001e-01
	3.193159174021562e-04

 632	6.224999999999982e-10
	7.000000000000001e-01
	3.193159174021393e-04

 633	6.234999999999982e-10
	7.000000000000001e-01
	3.193159174020971e-04

 634	6.244999999999982e-10
	7.000000000000001e-01
	3.193159174021224e-04

 635	6.254999999999982e-10
	7.000000000000001e-01
	3.193159174021224e-04

 636	6.264999999999982e-10
	7.000000000000001e-01
	3.193159174020802e-04

 637	6.274999999999982e-10
	7.000000000000001e-01
	3.193159174021055e-04

 638	6.284999999999982e-10
	7.000000000000001e-01
	3.193159174021562e-04

 639	6.294999999999982e-10
	7.000000000000001e-01
	3.193159174021393e-04

 640	6.304999999999982e-10
	7.000000000000001e-01
	3.193159174020971e-04

 641	6.314999999999982e-10
	7.000000000000001e-01
	3.193159174021224e-04

 642	6.324999999999982e-10
	7.000000000000001e-01
	3.193159174021224e-04

 643	6.334999999999982e-10
	7.000000000000001e-01
	3.193159174020802e-04

 644	6.344999999999982e-10
	7.000000000000001e-01
	3.193159174021055e-04

 645	6.354999999999982e-10
	7.000000000000001e-01
	3.193159174021562e-04

 646	6.364999999999982e-10
	7.000000000000001e-01
	3.193159174021393e-04

 647	6.374999999999982e-10
	7.000000000000001e-01
	3.193159174020971e-04

 648	6.384999999999982e-10
	7.000000000000001e-01
	3.193159174021224e-04

 649	6.394999999999982e-10
	7.000000000000001e-01
	3.193159174021224e-04

 650	6.404999999999982e-10
	7.000000000000001e-01
	3.193159174020802e-04

 651	6.414999999999981e-10
	7.000000000000001e-01
	3.193159174021055e-04

 652	6.424999999999981e-10
	7.000000000000001e-01
	3.193159174021562e-04

 653	6.434999999999981e-10
	7.000000000000001e-01
	3.193159174021393e-04

 654	6.444999999999981e-10
	7.000000000000001e-01
	3.193159174020971e-04

 655	6.454999999999981e-10
	7.000000000000001e-01
	3.193159174021224e-04

 656	6.464999999999981e-10
	7.000000000000001e-01
	3.193159174021224e-04

 657	6.474999999999981e-10
	7.000000000000001e-01
	3.193159174020802e-04

 658	6.484999999999981e-10
	7.000000000000001e-01
	3.193159174021055e-04

 659	6.494999999999981e-10
	7.000000000000001e-01
	3.193159174021562e-04

 660	6.504999999999981e-10
	7.000000000000001e-01
	3.193159174021393e-04

 661	6.514999999999981e-10
	7.000000000000001e-01
	3.193159174020971e-04

 662	6.524999999999981e-10
	7.000000000000001e-01
	3.193159174021224e-04

 663	6.534999999999981e-10
	7.000000000000001e-01
	3.193159174021224e-04

 664	6.544999999999981e-10
	7.000000000000001e-01
	3.193159174020802e-04

 665	6.554999999999981e-10
	7.000000000000001e-01
	3.193159174021055e-04

 666	6.564999999999981e-10
	7.000000000000001e-01
	3.193159174021562e-04

 667	6.574999999999981e-10
	7.000000000000001e-01
	3.193159174021393e-04

 668	6.584999999999981e-10
	7.000000000000001e-01
	3.193159174020971e-04

 669	6.594999999999981e-10
	7.000000000000001e-01
	3.193159174021224e-04

 670	6.604999999999981e-10
	7.000000000000001e-01
	3.193159174021224e-04

 671	6.614999999999981e-10
	7.000000000000001e-01
	3.193159174020802e-04

 672	6.624999999999981e-10
	7.000000000000001e-01
	3.193159174021055e-04

 673	6.634999999999981e-10
	7.000000000000001e-01
	3.193159174021562e-04

 674	6.644999999999981e-10
	7.000000000000001e-01
	3.193159174021393e-04

 675	6.654999999999981e-10
	7.000000000000001e-01
	3.193159174020971e-04

 676	6.664999999999981e-10
	7.000000000000001e-01
	3.193159174021224e-04

 677	6.674999999999981e-10
	7.000000000000001e-01
	3.193159174021224e-04

 678	6.684999999999981e-10
	7.000000000000001e-01
	3.193159174020802e-04

 679	6.694999999999980e-10
	7.000000000000001e-01
	3.193159174021055e-04

 680	6.704999999999980e-10
	7.000000000000001e-01
	3.193159174021562e-04

 681	6.714999999999980e-10
	7.000000000000001e-01
	3.193159174021393e-04

 682	6.724999999999980e-10
	7.000000000000001e-01
	3.193159174020971e-04

 683	6.734999999999980e-10
	7.000000000000001e-01
	3.193159174021224e-04

 684	6.744999999999980e-10
	7.000000000000001e-01
	3.193159174021224e-04

 685	6.754999999999980e-10
	7.000000000000001e-01
	3.193159174020802e-04

 686	6.764999999999980e-10
	7.000000000000001e-01
	3.193159174021055e-04

 687	6.774999999999980e-10
	7.000000000000001e-01
	3.193159174021562e-04

 688	6.784999999999980e-10
	7.000000000000001e-01
	3.193159174021393e-04

 689	6.794999999999980e-10
	7.000000000000001e-01
	3.193159174020971e-04

 690	6.804999999999980e-10
	7.000000000000001e-01
	3.193159174021224e-04

 691	6.814999999999980e-10
	7.000000000000001e-01
	3.193159174021224e-04

 692	6.824999999999980e-10
	7.000000000000001e-01
	3.193159174020802e-04

 693	6.834999999999980e-10
	7.000000000000001e-01
	3.193159174021055e-04

 694	6.844999999999980e-10
	7.000000000000001e-01
	3.193159174021562e-04

 695	6.854999999999980e-10
	7.000000000000001e-01
	3.193159174021393e-04

 696	6.864999999999980e-10
	7.000000000000001e-01
	3.193159174020971e-04

 697	6.874999999999980e-10
	7.000000000000001e-01
	3.193159174021224e-04

 698	6.884999999999980e-10
	7.000000000000001e-01
	3.193159174021224e-04

 699	6.894999999999980e-10
	7.000000000000001e-01
	3.193159174020802e-04

 700	6.904999999999980e-10
	7.000000000000001e-01
	3.193159174021055e-04

 701	6.914999999999980e-10
	7.000000000000001e-01
	3.193159174021562e-04

 702	6.924999999999980e-10
	7.000000000000001e-01
	3.193159174021393e-04

 703	6.934999999999980e-10
	7.000000000000001e-01
	3.193159174020971e-04

 704	6.944999999999980e-10
	7.000000000000001e-01
	3.193159174021224e-04

 705	6.954999999999980e-10
	7.000000000000001e-01
	3.193159174021224e-04

 706	6.964999999999980e-10
	7.000000000000001e-01
	3.193159174020802e-04

 707	6.974999999999980e-10
	7.000000000000001e-01
	3.193159174021055e-04

 708	6.984999999999979e-10
	7.000000000000001e-01
	3.193159174021562e-04

 709	6.994999999999979e-10
	7.000000000000001e-01
	3.193159174021393e-04

 710	7.004999999999979e-10
	7.000000000000001e-01
	3.193159174020971e-04

 711	7.014999999999979e-10
	7.000000000000001e-01
	3.193159174021224e-04

 712	7.024999999999979e-10
	7.000000000000001e-01
	3.193159174021224e-04

 713	7.034999999999979e-10
	7.000000000000001e-01
	3.193159174020802e-04

 714	7.044999999999979e-10
	7.000000000000001e-01
	3.193159174021055e-04

 715	7.054999999999979e-10
	7.000000000000001e-01
	3.193159174021562e-04

 716	7.064999999999979e-10
	7.000000000000001e-01
	3.193159174021393e-04

 717	7.074999999999979e-10
	7.000000000000001e-01
	3.193159174020971e-04

 718	7.084999999999979e-10
	7.000000000000001e-01
	3.193159174021224e-04

 719	7.094999999999979e-10
	7.000000000000001e-01
	3.193159174021224e-04

 720	7.104999999999979e-10
	7.000000000000001e-01
	3.193159174020802e-04

 721	7.114999999999979e-10
	7.000000000000001e-01
	3.193159174021055e-04

 722	7.124999999999979e-10
	7.000000000000001e-01
	3.193159174021562e-04

 723	7.134999999999979e-10
	7.000000000000001e-01
	3.193159174021393e-04

 724	7.144999999999979e-10
	7.000000000000001e-01
	3.193159174020971e-04

 725	7.154999999999979e-10
	7.000000000000001e-01
	3.193159174021224e-04

 726	7.164999999999979e-10
	7.000000000000001e-01
	3.193159174021224e-04

 727	7.174999999999979e-10
	7.000000000000001e-01
	3.193159174020802e-04

 728	7.184999999999979e-10
	7.000000000000001e-01
	3.193159174021055e-04

 729	7.194999999999979e-10
	7.000000000000001e-01
	3.193159174021562e-04

 730	7.204999999999979e-10
	7.000000000000001e-01
	3.193159174021393e-04

 731	7.214999999999979e-10
	7.000000000000001e-01
	3.193159174020971e-04

 732	7.224999999999979e-10
	7.000000000000001e-01
	3.193159174021224e-04

 733	7.234999999999979e-10
	7.000000000000001e-01
	3.193159174021224e-04

 734	7.244999999999979e-10
	7.000000000000001e-01
	3.193159174020802e-04

 735	7.254999999999979e-10
	7.000000000000001e-01
	3.193159174021055e-04

 736	7.264999999999979e-10
	7.000000000000001e-01
	3.193159174021562e-04

 737	7.274999999999978e-10
	7.000000000000001e-01
	3.193159174021393e-04

 738	7.284999999999978e-10
	7.000000000000001e-01
	3.193159174020971e-04

 739	7.294999999999978e-10
	7.000000000000001e-01
	3.193159174021224e-04

 740	7.304999999999978e-10
	7.000000000000001e-01
	3.193159174021224e-04

 741	7.314999999999978e-10
	7.000000000000001e-01
	3.193159174020802e-04

 742	7.324999999999978e-10
	7.000000000000001e-01
	3.193159174021055e-04

 743	7.334999999999978e-10
	7.000000000000001e-01
	3.193159174021562e-04

 744	7.344999999999978e-10
	7.000000000000001e-01
	3.193159174021393e-04

 745	7.354999999999978e-10
	7.000000000000001e-01
	3.193159174020971e-04

 746	7.364999999999978e-10
	7.000000000000001e-01
	3.193159174021224e-04

 747	7.374999999999978e-10
	7.000000000000001e-01
	3.193159174021224e-04

 748	7.384999999999978e-10
	7.000000000000001e-01
	3.193159174020802e-04

 749	7.394999999999978e-10
	7.000000000000001e-01
	3.193159174021055e-04

 750	7.404999999999978e-10
	7.000000000000001e-01
	3.193159174021562e-04

 751	7.414999999999978e-10
	7.000000000000001e-01
	3.193159174021393e-04

 752	7.424999999999978e-10
	7.000000000000001e-01
	3.193159174020971e-04

 753	7.434999999999978e-10
	7.000000000000001e-01
	3.193159174021224e-04

 754	7.444999999999978e-10
	7.000000000000001e-01
	3.193159174021224e-04

 755	7.454999999999978e-10
	7.000000000000001e-01
	3.193159174020802e-04

 756	7.464999999999978e-10
	7.000000000000001e-01
	3.193159174021055e-04

 757	7.474999999999978e-10
	7.000000000000001e-01
	3.193159174021562e-04

 758	7.484999999999978e-10
	7.000000000000001e-01
	3.193159174021393e-04

 759	7.494999999999978e-10
	7.000000000000001e-01
	3.193159174020971e-04

 760	7.504999999999978e-10
	7.000000000000001e-01
	3.193159174021224e-04

 761	7.514999999999978e-10
	7.000000000000001e-01
	3.193159174021224e-04

 762	7.524999999999978e-10
	7.000000000000001e-01
	3.193159174020802e-04

 763	7.534999999999978e-10
	7.000000000000001e-01
	3.193159174021055e-04

 764	7.544999999999978e-10
	7.000000000000001e-01
	3.193159174021562e-04

 765	7.554999999999978e-10
	7.000000000000001e-01
	3.193159174021393e-04

 766	7.564999999999977e-10
	7.000000000000001e-01
	3.193159174020971e-04

 767	7.574999999999977e-10
	7.000000000000001e-01
	3.193159174021224e-04

 768	7.584999999999977e-10
	7.000000000000001e-01
	3.193159174021224e-04

 769	7.594999999999977e-10
	7.000000000000001e-01
	3.193159174020802e-04

 770	7.604999999999977e-10
	7.000000000000001e-01
	3.193159174021055e-04

 771	7.614999999999977e-10
	7.000000000000001e-01
	3.193159174021562e-04

 772	7.624999999999977e-10
	7.000000000000001e-01
	3.193159174021393e-04

 773	7.634999999999977e-10
	7.000000000000001e-01
	3.193159174020971e-04

 774	7.644999999999977e-10
	7.000000000000001e-01
	3.193159174021224e-04

 775	7.654999999999977e-10
	7.000000000000001e-01
	3.193159174021224e-04

 776	7.664999999999977e-10
	7.000000000000001e-01
	3.193159174020802e-04

 777	7.674999999999977e-10
	7.000000000000001e-01
	3.193159174021055e-04

 778	7.684999999999977e-10
	7.000000000000001e-01
	3.193159174021562e-04

 779	7.694999999999977e-10
	7.000000000000001e-01
	3.193159174021393e-04

 780	7.704999999999977e-10
	7.000000000000001e-01
	3.193159174020971e-04

 781	7.714999999999977e-10
	7.000000000000001e-01
	3.193159174021224e-04

 782	7.724999999999977e-10
	7.000000000000001e-01
	3.193159174021224e-04

 783	7.734999999999977e-10
	7.000000000000001e-01
	3.193159174020802e-04

 784	7.744999999999977e-10
	7.000000000000001e-01
	3.193159174021055e-04

 785	7.754999999999977e-10
	7.000000000000001e-01
	3.193159174021562e-04

 786	7.764999999999977e-10
	7.000000000000001e-01
	3.193159174021393e-04

 787	7.774999999999977e-10
	7.000000000000001e-01
	3.193159174020971e-04

 788	7.784999999999977e-10
	7.000000000000001e-01
	3.193159174021224e-04

 789	7.794999999999977e-10
	7.000000000000001e-01
	3.193159174021224e-04

 790	7.804999999999977e-10
	7.000000000000001e-01
	3.193159174020802e-04

 791	7.814999999999977e-10
	7.000000000000001e-01
	3.193159174021055e-04

 792	7.824999999999977e-10
	7.000000000000001e-01
	3.193159174021562e-04

 793	7.834999999999977e-10
	7.000000000000001e-01
	3.193159174021393e-04

 794	7.844999999999977e-10
	7.000000000000001e-01
	3.193159174020971e-04

 795	7.854999999999976e-10
	7.000000000000001e-01
	3.193159174021224e-04

 796	7.864999999999976e-10
	7.000000000000001e-01
	3.193159174021224e-04

 797	7.874999999999976e-10
	7.000000000000001e-01
	3.193159174020802e-04

 798	7.884999999999976e-10
	7.000000000000001e-01
	3.193159174021055e-04

 799	7.894999999999976e-10
	7.000000000000001e-01
	3.193159174021562e-04

 800	7.904999999999976e-10
	7.000000000000001e-01
	3.193159174021393e-04

 801	7.914999999999976e-10
	7.000000000000001e-01
	3.193159174020971e-04

 802	7.924999999999976e-10
	7.000000000000001e-01
	3.193159174021224e-04

 803	7.934999999999976e-10
	7.000000000000001e-01
	3.193159174021224e-04

 804	7.944999999999976e-10
	7.000000000000001e-01
	3.193159174020802e-04

 805	7.954999999999976e-10
	7.000000000000001e-01
	3.193159174021055e-04

 806	7.964999999999976e-10
	7.000000000000001e-01
	3.193159174021562e-04

 807	7.974999999999976e-10
	7.000000000000001e-01
	3.193159174021393e-04

 808	7.984999999999976e-10
	7.000000000000001e-01
	3.193159174020971e-04

 809	7.994999999999976e-10
	7.000000000000001e-01
	3.193159174021224e-04

 810	8.004999999999976e-10
	7.000000000000001e-01
	3.193159174021224e-04

 811	8.014999999999976e-10
	7.000000000000001e-01
	3.193159174020802e-04

 812	8.024999999999976e-10
	7.000000000000001e-01
	3.193159174021055e-04

 813	8.034999999999976e-10
	7.000000000000001e-01
	3.193159174021562e-04

 814	8.044999999999976e-10
	7.000000000000001e-01
	3.193159174021393e-04

 815	8.054999999999976e-10
	7.000000000000001e-01
	3.193159174020971e-04

 816	8.064999999999976e-10
	7.000000000000001e-01
	3.193159174021224e-04

 817	8.074999999999976e-10
	7.000000000000001e-01
	3.193159174021224e-04

 818	8.084999999999976e-10
	7.000000000000001e-01
	3.193159174020802e-04

 819	8.094999999999976e-10
	7.000000000000001e-01
	3.193159174021055e-04

 820	8.104999999999976e-10
	7.000000000000001e-01
	3.193159174021562e-04

 821	8.114999999999976e-10
	7.000000000000001e-01
	3.193159174021393e-04

 822	8.124999999999976e-10
	7.000000000000001e-01
	3.193159174020971e-04

 823	8.134999999999976e-10
	7.000000000000001e-01
	3.193159174021224e-04

 824	8.144999999999975e-10
	7.000000000000001e-01
	3.193159174021224e-04

 825	8.154999999999975e-10
	7.000000000000001e-01
	3.193159174020802e-04

 826	8.164999999999975e-10
	7.000000000000001e-01
	3.193159174021055e-04

 827	8.174999999999975e-10
	7.000000000000001e-01
	3.193159174021562e-04

 828	8.184999999999975e-10
	7.000000000000001e-01
	3.193159174021393e-04

 829	8.194999999999975e-10
	7.000000000000001e-01
	3.193159174020971e-04

 830	8.204999999999975e-10
	7.000000000000001e-01
	3.193159174021224e-04

 831	8.214999999999975e-10
	7.000000000000001e-01
	3.193159174021224e-04

 832	8.224999999999975e-10
	7.000000000000001e-01
	3.193159174020802e-04

 833	8.234999999999975e-10
	7.000000000000001e-01
	3.193159174021055e-04

 834	8.244999999999975e-10
	7.000000000000001e-01
	3.193159174021562e-04

 835	8.254999999999975e-10
	7.000000000000001e-01
	3.193159174021393e-04

 836	8.264999999999975e-10
	7.000000000000001e-01
	3.193159174020971e-04

 837	8.274999999999975e-10
	7.000000000000001e-01
	3.193159174021224e-04

 838	8.284999999999975e-10
	7.000000000000001e-01
	3.193159174021224e-04

 839	8.294999999999975e-10
	7.000000000000001e-01
	3.193159174020802e-04

 840	8.304999999999975e-10
	7.000000000000001e-01
	3.193159174021055e-04

 841	8.314999999999975e-10
	7.000000000000001e-01
	3.193159174021562e-04

 842	8.324999999999975e-10
	7.000000000000001e-01
	3.193159174021393e-04

 843	8.334999999999975e-10
	7.000000000000001e-01
	3.193159174020971e-04

 844	8.344999999999975e-10
	7.000000000000001e-01
	3.193159174021224e-04

 845	8.354999999999975e-10
	7.000000000000001e-01
	3.193159174021224e-04

 846	8.364999999999975e-10
	7.000000000000001e-01
	3.193159174020802e-04

 847	8.374999999999975e-10
	7.000000000000001e-01
	3.193159174021055e-04

 848	8.384999999999975e-10
	7.000000000000001e-01
	3.193159174021562e-04

 849	8.394999999999975e-10
	7.000000000000001e-01
	3.193159174021393e-04

 850	8.404999999999975e-10
	7.000000000000001e-01
	3.193159174020971e-04

 851	8.414999999999975e-10
	7.000000000000001e-01
	3.193159174021224e-04

 852	8.424999999999975e-10
	7.000000000000001e-01
	3.193159174021224e-04

 853	8.434999999999974e-10
	7.000000000000001e-01
	3.193159174020802e-04

 854	8.444999999999974e-10
	7.000000000000001e-01
	3.193159174021055e-04

 855	8.454999999999974e-10
	7.000000000000001e-01
	3.193159174021562e-04

 856	8.464999999999974e-10
	7.000000000000001e-01
	3.193159174021393e-04

 857	8.474999999999974e-10
	7.000000000000001e-01
	3.193159174020971e-04

 858	8.484999999999974e-10
	7.000000000000001e-01
	3.193159174021224e-04

 859	8.494999999999974e-10
	7.000000000000001e-01
	3.193159174021224e-04

 860	8.504999999999974e-10
	7.000000000000001e-01
	3.193159174020802e-04

 861	8.514999999999974e-10
	7.000000000000001e-01
	3.193159174021055e-04

 862	8.524999999999974e-10
	7.000000000000001e-01
	3.193159174021562e-04

 863	8.534999999999974e-10
	7.000000000000001e-01
	3.193159174021393e-04

 864	8.544999999999974e-10
	7.000000000000001e-01
	3.193159174020971e-04

 865	8.554999999999974e-10
	7.000000000000001e-01
	3.193159174021224e-04

 866	8.564999999999974e-10
	7.000000000000001e-01
	3.193159174021224e-04

 867	8.574999999999974e-10
	7.000000000000001e-01
	3.193159174020802e-04

 868	8.584999999999974e-10
	7.000000000000001e-01
	3.193159174021055e-04

 869	8.594999999999974e-10
	7.000000000000001e-01
	3.193159174021562e-04

 870	8.604999999999974e-10
	7.000000000000001e-01
	3.193159174021393e-04

 871	8.614999999999974e-10
	7.000000000000001e-01
	3.193159174020971e-04

 872	8.624999999999974e-10
	7.000000000000001e-01
	3.193159174021224e-04

 873	8.634999999999974e-10
	7.000000000000001e-01
	3.193159174021224e-04

 874	8.644999999999974e-10
	7.000000000000001e-01
	3.193159174020802e-04

 875	8.654999999999974e-10
	7.000000000000001e-01
	3.193159174021055e-04

 876	8.664999999999974e-10
	7.000000000000001e-01
	3.193159174021562e-04

 877	8.674999999999974e-10
	7.000000000000001e-01
	3.193159174021393e-04

 878	8.684999999999974e-10
	7.000000000000001e-01
	3.193159174020971e-04

 879	8.694999999999974e-10
	7.000000000000001e-01
	3.193159174021224e-04

 880	8.704999999999974e-10
	7.000000000000001e-01
	3.193159174021224e-04

 881	8.714999999999974e-10
	7.000000000000001e-01
	3.193159174020802e-04

 882	8.724999999999973e-10
	7.000000000000001e-01
	3.193159174021055e-04

 883	8.734999999999973e-10
	7.000000000000001e-01
	3.193159174021562e-04

 884	8.744999999999973e-10
	7.000000000000001e-01
	3.193159174021393e-04

 885	8.754999999999973e-10
	7.000000000000001e-01
	3.193159174020971e-04

 886	8.764999999999973e-10
	7.000000000000001e-01
	3.193159174021224e-04

 887	8.774999999999973e-10
	7.000000000000001e-01
	3.193159174021224e-04

 888	8.784999999999973e-10
	7.000000000000001e-01
	3.193159174020802e-04

 889	8.794999999999973e-10
	7.000000000000001e-01
	3.193159174021055e-04

 890	8.804999999999973e-10
	7.000000000000001e-01
	3.193159174021562e-04

 891	8.814999999999973e-10
	7.000000000000001e-01
	3.193159174021393e-04

 892	8.824999999999973e-10
	7.000000000000001e-01
	3.193159174020971e-04

 893	8.834999999999973e-10
	7.000000000000001e-01
	3.193159174021224e-04

 894	8.844999999999973e-10
	7.000000000000001e-01
	3.193159174021224e-04

 895	8.854999999999973e-10
	7.000000000000001e-01
	3.193159174020802e-04

 896	8.864999999999973e-10
	7.000000000000001e-01
	3.193159174021055e-04

 897	8.874999999999973e-10
	7.000000000000001e-01
	3.193159174021562e-04

 898	8.884999999999973e-10
	7.000000000000001e-01
	3.193159174021393e-04

 899	8.894999999999973e-10
	7.000000000000001e-01
	3.193159174020971e-04

 900	8.904999999999973e-10
	7.000000000000001e-01
	3.193159174021224e-04

 901	8.914999999999973e-10
	7.000000000000001e-01
	3.193159174021224e-04

 902	8.924999999999973e-10
	7.000000000000001e-01
	3.193159174020802e-04

 903	8.934999999999973e-10
	7.000000000000001e-01
	3.193159174021055e-04

 904	8.944999999999973e-10
	7.000000000000001e-01
	3.193159174021562e-04

 905	8.954999999999973e-10
	7.000000000000001e-01
	3.193159174021393e-04

 906	8.964999999999973e-10
	7.000000000000001e-01
	3.193159174020971e-04

 907	8.974999999999973e-10
	7.000000000000001e-01
	3.193159174021224e-04

 908	8.984999999999973e-10
	7.000000000000001e-01
	3.193159174021224e-04

 909	8.994999999999973e-10
	7.000000000000001e-01
	3.193159174020802e-04

 910	9.004999999999973e-10
	7.000000000000001e-01
	3.193159174021055e-04

 911	9.014999999999972e-10
	7.000000000000001e-01
	3.193159174021562e-04

 912	9.024999999999972e-10
	7.000000000000001e-01
	3.193159174021393e-04

 913	9.034999999999972e-10
	7.000000000000001e-01
	3.193159174020971e-04

 914	9.044999999999972e-10
	7.000000000000001e-01
	3.193159174021224e-04

 915	9.054999999999972e-10
	7.000000000000001e-01
	3.193159174021224e-04

 916	9.064999999999972e-10
	7.000000000000001e-01
	3.193159174020802e-04

 917	9.074999999999972e-10
	7.000000000000001e-01
	3.193159174021055e-04

 918	9.084999999999972e-10
	7.000000000000001e-01
	3.193159174021562e-04

 919	9.094999999999972e-10
	7.000000000000001e-01
	3.193159174021393e-04

 920	9.104999999999972e-10
	7.000000000000001e-01
	3.193159174020971e-04

 921	9.114999999999972e-10
	7.000000000000001e-01
	3.193159174021224e-04

 922	9.124999999999972e-10
	7.000000000000001e-01
	3.193159174021224e-04

 923	9.134999999999972e-10
	7.000000000000001e-01
	3.193159174020802e-04

 924	9.144999999999972e-10
	7.000000000000001e-01
	3.193159174021055e-04

 925	9.154999999999972e-10
	7.000000000000001e-01
	3.193159174021562e-04

 926	9.164999999999972e-10
	7.000000000000001e-01
	3.193159174021393e-04

 927	9.174999999999972e-10
	7.000000000000001e-01
	3.193159174020971e-04

 928	9.184999999999972e-10
	7.000000000000001e-01
	3.193159174021224e-04

 929	9.194999999999972e-10
	7.000000000000001e-01
	3.193159174021224e-04

 930	9.204999999999972e-10
	7.000000000000001e-01
	3.193159174020802e-04

 931	9.214999999999972e-10
	7.000000000000001e-01
	3.193159174021055e-04

 932	9.224999999999972e-10
	7.000000000000001e-01
	3.193159174021562e-04

 933	9.234999999999972e-10
	7.000000000000001e-01
	3.193159174021393e-04

 934	9.244999999999972e-10
	7.000000000000001e-01
	3.193159174020971e-04

 935	9.254999999999972e-10
	7.000000000000001e-01
	3.193159174021224e-04

 936	9.264999999999972e-10
	7.000000000000001e-01
	3.193159174021224e-04

 937	9.274999999999972e-10
	7.000000000000001e-01
	3.193159174020802e-04

 938	9.284999999999972e-10
	7.000000000000001e-01
	3.193159174021055e-04

 939	9.294999999999972e-10
	7.000000000000001e-01
	3.193159174021562e-04

 940	9.304999999999971e-10
	7.000000000000001e-01
	3.193159174021393e-04

 941	9.314999999999972e-10
	7.000000000000001e-01
	3.193159174020971e-04

 942	9.324999999999973e-10
	7.000000000000001e-01
	3.193159174021224e-04

 943	9.334999999999974e-10
	7.000000000000001e-01
	3.193159174021224e-04

 944	9.344999999999975e-10
	7.000000000000001e-01
	3.193159174020802e-04

 945	9.354999999999976e-10
	7.000000000000001e-01
	3.193159174021055e-04

 946	9.364999999999977e-10
	7.000000000000001e-01
	3.193159174021562e-04

 947	9.374999999999978e-10
	7.000000000000001e-01
	3.193159174021393e-04

 948	9.384999999999979e-10
	7.000000000000001e-01
	3.193159174020971e-04

 949	9.394999999999980e-10
	7.000000000000001e-01
	3.193159174021224e-04

 950	9.404999999999981e-10
	7.000000000000001e-01
	3.193159174021224e-04

 951	9.414999999999982e-10
	7.000000000000001e-01
	3.193159174020802e-04

 952	9.424999999999983e-10
	7.000000000000001e-01
	3.193159174021055e-04

 953	9.434999999999984e-10
	7.000000000000001e-01
	3.193159174021562e-04

 954	9.444999999999985e-10
	7.000000000000001e-01
	3.193159174021393e-04

 955	9.454999999999986e-10
	7.000000000000001e-01
	3.193159174020971e-04

 956	9.464999999999987e-10
	7.000000000000001e-01
	3.193159174021224e-04

 957	9.474999999999988e-10
	7.000000000000001e-01
	3.193159174021224e-04

 958	9.484999999999989e-10
	7.000000000000001e-01
	3.193159174020802e-04

 959	9.494999999999990e-10
	7.000000000000001e-01
	3.193159174021055e-04

 960	9.504999999999991e-10
	7.000000000000001e-01
	3.193159174021562e-04

 961	9.514999999999992e-10
	7.000000000000001e-01
	3.193159174021393e-04

 962	9.524999999999993e-10
	7.000000000000001e-01
	3.193159174020971e-04

 963	9.534999999999994e-10
	7.000000000000001e-01
	3.193159174021224e-04

 964	9.544999999999995e-10
	7.000000000000001e-01
	3.193159174021224e-04

 965	9.554999999999996e-10
	7.000000000000001e-01
	3.193159174020802e-04

 966	9.564999999999997e-10
	7.000000000000001e-01
	3.193159174021055e-04

 967	9.574999999999998e-10
	7.000000000000001e-01
	3.193159174021562e-04

 968	9.584999999999999e-10
	7.000000000000001e-01
	3.193159174021393e-04

 969	9.595000000000000e-10
	7.000000000000001e-01
	3.193159174020971e-04

 970	9.605000000000001e-10
	7.000000000000001e-01
	3.193159174021224e-04

 971	9.615000000000002e-10
	7.000000000000001e-01
	3.193159174021224e-04

 972	9.625000000000003e-10
	7.000000000000001e-01
	3.193159174020802e-04

 973	9.635000000000004e-10
	7.000000000000001e-01
	3.193159174021055e-04

 974	9.645000000000005e-10
	7.000000000000001e-01
	3.193159174021562e-04

 975	9.655000000000006e-10
	7.000000000000001e-01
	3.193159174021393e-04

 976	9.665000000000007e-10
	7.000000000000001e-01
	3.193159174020971e-04

 977	9.675000000000008e-10
	7.000000000000001e-01
	3.193159174021224e-04

 978	9.685000000000009e-10
	7.000000000000001e-01
	3.193159174021224e-04

 979	9.695000000000010e-10
	7.000000000000001e-01
	3.193159174020802e-04

 980	9.705000000000011e-10
	7.000000000000001e-01
	3.193159174021055e-04

 981	9.715000000000012e-10
	7.000000000000001e-01
	3.193159174021562e-04

 982	9.725000000000013e-10
	7.000000000000001e-01
	3.193159174021393e-04

 983	9.735000000000014e-10
	7.000000000000001e-01
	3.193159174020971e-04

 984	9.745000000000015e-10
	7.000000000000001e-01
	3.193159174021224e-04

 985	9.755000000000016e-10
	7.000000000000001e-01
	3.193159174021224e-04

 986	9.765000000000017e-10
	7.000000000000001e-01
	3.193159174020802e-04

 987	9.775000000000018e-10
	7.000000000000001e-01
	3.193159174021055e-04

 988	9.785000000000019e-10
	7.000000000000001e-01
	3.193159174021562e-04

 989	9.795000000000020e-10
	7.000000000000001e-01
	3.193159174021393e-04

 990	9.805000000000021e-10
	7.000000000000001e-01
	3.193159174020971e-04

 991	9.815000000000022e-10
	7.000000000000001e-01
	3.193159174021224e-04

 992	9.825000000000023e-10
	7.000000000000001e-01
	3.193159174021224e-04

 993	9.835000000000024e-10
	7.000000000000001e-01
	3.193159174020802e-04

 994	9.845000000000025e-10
	7.000000000000001e-01
	3.193159174021055e-04

 995	9.855000000000026e-10
	7.000000000000001e-01
	3.193159174021562e-04

 996	9.865000000000027e-10
	7.000000000000001e-01
	3.193159174021393e-04

 997	9.875000000000028e-10
	7.000000000000001e-01
	3.193159174020971e-04

 998	9.885000000000029e-10
	7.000000000000001e-01
	3.193159174021224e-04

 999	9.895000000000030e-10
	7.000000000000001e-01
	3.193159174021224e-04

 1000	9.905000000000031e-10
	7.000000000000001e-01
	3.193159174020802e-04

 1001	9.915000000000032e-10
	7.000000000000001e-01
	3.193159174021055e-04

 1002	9.925000000000033e-10
	7.000000000000001e-01
	3.193159174021562e-04

 1003	9.935000000000034e-10
	7.000000000000001e-01
	3.193159174021393e-04

 1004	9.945000000000035e-10
	7.000000000000001e-01
	3.193159174020971e-04

 1005	9.955000000000036e-10
	7.000000000000001e-01
	3.193159174021224e-04

 1006	9.965000000000037e-10
	7.000000000000001e-01
	3.193159174021224e-04

 1007	9.975000000000038e-10
	7.000000000000001e-01
	3.193159174020802e-04

 1008	9.985000000000039e-10
	7.000000000000001e-01
	3.193159174021055e-04

 1009	9.995000000000040e-10
	7.000000000000001e-01
	3.193159174021562e-04

 1010	1.000500000000004e-09
	7.000000000000001e-01
	3.193159174021393e-04

 1011	1.001500000000004e-09
	7.000000000000001e-01
	3.193159174020971e-04

 1012	1.002500000000004e-09
	7.000000000000001e-01
	3.193159174021224e-04

 1013	1.003500000000004e-09
	7.000000000000001e-01
	3.193159174021224e-04

 1014	1.004500000000005e-09
	7.000000000000001e-01
	3.193159174020802e-04

 1015	1.005500000000005e-09
	7.000000000000001e-01
	3.193159174021055e-04

 1016	1.006500000000005e-09
	7.000000000000001e-01
	3.193159174021562e-04

 1017	1.007500000000005e-09
	7.000000000000001e-01
	3.193159174021393e-04

 1018	1.008500000000005e-09
	7.000000000000001e-01
	3.193159174020971e-04

 1019	1.009250000000002e-09
	7.000000000000001e-01
	3.193159174021086e-04

 1020	1.010000000000000e-09
	7.000000000000001e-01
	3.193159174021360e-04

 1021	1.010100000000000e-09
	6.929999999999980e-01
	-3.931443182485102e-04

 1022	1.010300000000000e-09
	6.789999999999936e-01
	-1.687140306894067e-03

 1023	1.010700000000000e-09
	6.509999999999995e-01
	-3.560486169766186e-03

 1024	1.011500000000000e-09
	5.949999999999968e-01
	-4.586066383721605e-03

 1025	1.012500000000000e-09
	5.249999999999898e-01
	5.763203743128606e-04

 1026	1.013500000000000e-09
	4.549999999999828e-01
	1.558018719268749e-02

 1027	1.014500000000000e-09
	3.849999999999758e-01
	4.341328688454964e-02

 1028	1.015500000000000e-09
	3.149999999999688e-01
	9.005823167187714e-02

 1029	1.016500000000001e-09
	2.449999999999617e-01
	1.674667897813236e-01

 1030	1.017500000000001e-09
	1.749999999999547e-01
	2.768599851000339e-01

 1031	1.018500000000001e-09
	1.049999999999477e-01
	3.982757347234152e-01

 1032	1.019250000000000e-09
	5.249999999997512e-02
	4.814618402038431e-01

 1033	1.020000000000000e-09
	0.000000000000000e+00
	5.485789537257970e-01

 1034	1.020100000000000e-09
	0.000000000000000e+00
	5.566908087901431e-01

 1035	1.020300000000000e-09
	0.000000000000000e+00
	5.721269223182830e-01

 1036	1.020700000000000e-09
	0.000000000000000e+00
	5.986184857882135e-01

 1037	1.021500000000000e-09
	0.000000000000000e+00
	6.372798760252992e-01

 1038	1.022500000000000e-09
	0.000000000000000e+00
	6.662002778440297e-01

 1039	1.023500000000000e-09
	0.000000000000000e+00
	6.818614062685259e-01

 1040	1.024500000000000e-09
	0.000000000000000e+00
	6.902429943537338e-01

 1041	1.025500000000000e-09
	0.000000000000000e+00
	6.947071842919849e-01

 1042	1.026500000000001e-09
	0.000000000000000e+00
	6.970798772190228e-01

 1043	1.027500000000001e-09
	0.000000000000000e+00
	6.983398001129870e-01

 1044	1.028500000000001e-09
	0.000000000000000e+00
	6.990084022438923e-01

 1045	1.029500000000001e-09
	0.000000000000000e+00
	6.993629776326171e-01

 1046	1.030500000000001e-09
	0.000000000000000e+00
	6.995510640637208e-01

 1047	1.031500000000001e-09
	0.000000000000000e+00
	6.996508157697346e-01

 1048	1.032500000000001e-09
	0.000000000000000e+00
	6.997037195879475e-01

 1049	1.033500000000001e-09
	0.000000000000000e+00
	6.997317775232920e-01

 1050	1.034500000000001e-09
	0.000000000000000e+00
	6.997466582951823e-01

 1051	1.035500000000001e-09
	0.000000000000000e+00
	6.997545504531016e-01

 1052	1.036500000000002e-09
	0.000000000000000e+00
	6.997587361364412e-01

 1053	1.037500000000002e-09
	0.000000000000000e+00
	6.997609560554432e-01

 1054	1.038500000000002e-09
	0.000000000000000e+00
	6.997621334119029e-01

 1055	1.039500000000002e-09
	0.000000000000000e+00
	6.997627578348532e-01

 1056	1.040500000000002e-09
	0.000000000000000e+00
	6.997630890039216e-01

 1057	1.041500000000002e-09
	0.000000000000000e+00
	6.997632646428134e-01

 1058	1.042500000000002e-09
	0.000000000000000e+00
	6.997633577946918e-01

 1059	1.043500000000002e-09
	0.000000000000000e+00
	6.997634071987413e-01

 1060	1.044500000000002e-09
	0.000000000000000e+00
	6.997634334006833e-01

 1061	1.045500000000002e-09
	0.000000000000000e+00
	6.997634472971508e-01

 1062	1.046500000000003e-09
	0.000000000000000e+00
	6.997634546672842e-01

 1063	1.047500000000003e-09
	0.000000000000000e+00
	6.997634585761098e-01

 1064	1.048500000000003e-09
	0.000000000000000e+00
	6.997634606491954e-01

 1065	1.049500000000003e-09
	0.000000000000000e+00
	6.997634617486774e-01

 1066	1.050500000000003e-09
	0.000000000000000e+00
	6.997634623317991e-01

 1067	1.051500000000003e-09
	0.000000000000000e+00
	6.997634626410636e-01

 1068	1.052500000000003e-09
	0.000000000000000e+00
	6.997634628050854e-01

 1069	1.053500000000003e-09
	0.000000000000000e+00
	6.997634628920760e-01

 1070	1.054500000000003e-09
	0.000000000000000e+00
	6.997634629382121e-01

 1071	1.055500000000003e-09
	0.000000000000000e+00
	6.997634629626809e-01

 1072	1.056500000000004e-09
	0.000000000000000e+00
	6.997634629756583e-01

 1073	1.057500000000004e-09
	0.000000000000000e+00
	6.997634629825408e-01

 1074	1.058500000000004e-09
	0.000000000000000e+00
	6.997634629861911e-01

 1075	1.059500000000004e-09
	0.000000000000000e+00
	6.997634629881273e-01

 1076	1.060500000000004e-09
	0.000000000000000e+00
	6.997634629891543e-01

 1077	1.061500000000004e-09
	0.000000000000000e+00
	6.997634629896989e-01

 1078	1.062500000000004e-09
	0.000000000000000e+00
	6.997634629899878e-01

 1079	1.063500000000004e-09
	0.000000000000000e+00
	6.997634629901408e-01

 1080	1.064500000000004e-09
	0.000000000000000e+00
	6.997634629902220e-01

 1081	1.065500000000004e-09
	0.000000000000000e+00
	6.997634629902649e-01

 1082	1.066500000000005e-09
	0.000000000000000e+00
	6.997634629902877e-01

 1083	1.067500000000005e-09
	0.000000000000000e+00
	6.997634629903000e-01

 1084	1.068500000000005e-09
	0.000000000000000e+00
	6.997634629903065e-01

 1085	1.069500000000005e-09
	0.000000000000000e+00
	6.997634629903098e-01

 1086	1.070500000000005e-09
	0.000000000000000e+00
	6.997634629903116e-01

 1087	1.071500000000005e-09
	0.000000000000000e+00
	6.997634629903127e-01

 1088	1.072500000000005e-09
	0.000000000000000e+00
	6.997634629903136e-01

 1089	1.073500000000005e-09
	0.000000000000000e+00
	6.997634629903138e-01

 1090	1.074500000000005e-09
	0.000000000000000e+00
	6.997634629903136e-01

 1091	1.075500000000005e-09
	0.000000000000000e+00
	6.997634629903134e-01

 1092	1.076500000000006e-09
	0.000000000000000e+00
	6.997634629903133e-01

 1093	1.077500000000006e-09
	0.000000000000000e+00
	6.997634629903134e-01

 1094	1.078500000000006e-09
	0.000000000000000e+00
	6.997634629903134e-01

 1095	1.079500000000006e-09
	0.000000000000000e+00
	6.997634629903134e-01

 1096	1.080500000000006e-09
	0.000000000000000e+00
	6.997634629903134e-01

 1097	1.081500000000006e-09
	0.000000000000000e+00
	6.997634629903134e-01

 1098	1.082500000000006e-09
	0.000000000000000e+00
	6.997634629903134e-01

 1099	1.083500000000006e-09
	0.000000000000000e+00
	6.997634629903134e-01

 1100	1.084500000000006e-09
	0.000000000000000e+00
	6.997634629903134e-01

 1101	1.085500000000006e-09
	0.000000000000000e+00
	6.997634629903134e-01

 1102	1.086500000000007e-09
	0.000000000000000e+00
	6.997634629903134e-01

 1103	1.087500000000007e-09
	0.000000000000000e+00
	6.997634629903134e-01

 1104	1.088500000000007e-09
	0.000000000000000e+00
	6.997634629903134e-01

 1105	1.089500000000007e-09
	0.000000000000000e+00
	6.997634629903134e-01

 1106	1.090500000000007e-09
	0.000000000000000e+00
	6.997634629903134e-01

 1107	1.091500000000007e-09
	0.000000000000000e+00
	6.997634629903134e-01

 1108	1.092500000000007e-09
	0.000000000000000e+00
	6.997634629903134e-01

 1109	1.093500000000007e-09
	0.000000000000000e+00
	6.997634629903134e-01

 1110	1.094500000000007e-09
	0.000000000000000e+00
	6.997634629903134e-01

 1111	1.095500000000007e-09
	0.000000000000000e+00
	6.997634629903134e-01

 1112	1.096500000000008e-09
	0.000000000000000e+00
	6.997634629903134e-01

 1113	1.097500000000008e-09
	0.000000000000000e+00
	6.997634629903134e-01

 1114	1.098500000000008e-09
	0.000000000000000e+00
	6.997634629903134e-01

 1115	1.099500000000008e-09
	0.000000000000000e+00
	6.997634629903134e-01

 1116	1.100500000000008e-09
	0.000000000000000e+00
	6.997634629903134e-01

 1117	1.101500000000008e-09
	0.000000000000000e+00
	6.997634629903134e-01

 1118	1.102500000000008e-09
	0.000000000000000e+00
	6.997634629903134e-01

 1119	1.103500000000008e-09
	0.000000000000000e+00
	6.997634629903134e-01

 1120	1.104500000000008e-09
	0.000000000000000e+00
	6.997634629903134e-01

 1121	1.105500000000008e-09
	0.000000000000000e+00
	6.997634629903134e-01

 1122	1.106500000000009e-09
	0.000000000000000e+00
	6.997634629903134e-01

 1123	1.107500000000009e-09
	0.000000000000000e+00
	6.997634629903134e-01

 1124	1.108500000000009e-09
	0.000000000000000e+00
	6.997634629903134e-01

 1125	1.109500000000009e-09
	0.000000000000000e+00
	6.997634629903134e-01

 1126	1.110500000000009e-09
	0.000000000000000e+00
	6.997634629903134e-01

 1127	1.111500000000009e-09
	0.000000000000000e+00
	6.997634629903134e-01

 1128	1.112500000000009e-09
	0.000000000000000e+00
	6.997634629903134e-01

 1129	1.113500000000009e-09
	0.000000000000000e+00
	6.997634629903134e-01

 1130	1.114500000000009e-09
	0.000000000000000e+00
	6.997634629903134e-01

 1131	1.115500000000009e-09
	0.000000000000000e+00
	6.997634629903134e-01

 1132	1.116500000000010e-09
	0.000000000000000e+00
	6.997634629903134e-01

 1133	1.117500000000010e-09
	0.000000000000000e+00
	6.997634629903134e-01

 1134	1.118500000000010e-09
	0.000000000000000e+00
	6.997634629903134e-01

 1135	1.119500000000010e-09
	0.000000000000000e+00
	6.997634629903134e-01

 1136	1.120500000000010e-09
	0.000000000000000e+00
	6.997634629903134e-01

 1137	1.121500000000010e-09
	0.000000000000000e+00
	6.997634629903134e-01

 1138	1.122500000000010e-09
	0.000000000000000e+00
	6.997634629903134e-01

 1139	1.123500000000010e-09
	0.000000000000000e+00
	6.997634629903134e-01

 1140	1.124500000000010e-09
	0.000000000000000e+00
	6.997634629903134e-01

 1141	1.125500000000010e-09
	0.000000000000000e+00
	6.997634629903134e-01

 1142	1.126500000000011e-09
	0.000000000000000e+00
	6.997634629903134e-01

 1143	1.127500000000011e-09
	0.000000000000000e+00
	6.997634629903134e-01

 1144	1.128500000000011e-09
	0.000000000000000e+00
	6.997634629903134e-01

 1145	1.129500000000011e-09
	0.000000000000000e+00
	6.997634629903134e-01

 1146	1.130500000000011e-09
	0.000000000000000e+00
	6.997634629903134e-01

 1147	1.131500000000011e-09
	0.000000000000000e+00
	6.997634629903134e-01

 1148	1.132500000000011e-09
	0.000000000000000e+00
	6.997634629903134e-01

 1149	1.133500000000011e-09
	0.000000000000000e+00
	6.997634629903134e-01

 1150	1.134500000000011e-09
	0.000000000000000e+00
	6.997634629903134e-01

 1151	1.135500000000011e-09
	0.000000000000000e+00
	6.997634629903134e-01

 1152	1.136500000000012e-09
	0.000000000000000e+00
	6.997634629903134e-01

 1153	1.137500000000012e-09
	0.000000000000000e+00
	6.997634629903134e-01

 1154	1.138500000000012e-09
	0.000000000000000e+00
	6.997634629903134e-01

 1155	1.139500000000012e-09
	0.000000000000000e+00
	6.997634629903134e-01

 1156	1.140500000000012e-09
	0.000000000000000e+00
	6.997634629903134e-01

 1157	1.141500000000012e-09
	0.000000000000000e+00
	6.997634629903134e-01

 1158	1.142500000000012e-09
	0.000000000000000e+00
	6.997634629903134e-01

 1159	1.143500000000012e-09
	0.000000000000000e+00
	6.997634629903134e-01

 1160	1.144500000000012e-09
	0.000000000000000e+00
	6.997634629903134e-01

 1161	1.145500000000012e-09
	0.000000000000000e+00
	6.997634629903134e-01

 1162	1.146500000000013e-09
	0.000000000000000e+00
	6.997634629903134e-01

 1163	1.147500000000013e-09
	0.000000000000000e+00
	6.997634629903134e-01

 1164	1.148500000000013e-09
	0.000000000000000e+00
	6.997634629903134e-01

 1165	1.149500000000013e-09
	0.000000000000000e+00
	6.997634629903134e-01

 1166	1.150500000000013e-09
	0.000000000000000e+00
	6.997634629903134e-01

 1167	1.151500000000013e-09
	0.000000000000000e+00
	6.997634629903134e-01

 1168	1.152500000000013e-09
	0.000000000000000e+00
	6.997634629903134e-01

 1169	1.153500000000013e-09
	0.000000000000000e+00
	6.997634629903134e-01

 1170	1.154500000000013e-09
	0.000000000000000e+00
	6.997634629903134e-01

 1171	1.155500000000013e-09
	0.000000000000000e+00
	6.997634629903134e-01

 1172	1.156500000000014e-09
	0.000000000000000e+00
	6.997634629903134e-01

 1173	1.157500000000014e-09
	0.000000000000000e+00
	6.997634629903134e-01

 1174	1.158500000000014e-09
	0.000000000000000e+00
	6.997634629903134e-01

 1175	1.159500000000014e-09
	0.000000000000000e+00
	6.997634629903134e-01

 1176	1.160500000000014e-09
	0.000000000000000e+00
	6.997634629903134e-01

 1177	1.161500000000014e-09
	0.000000000000000e+00
	6.997634629903134e-01

 1178	1.162500000000014e-09
	0.000000000000000e+00
	6.997634629903134e-01

 1179	1.163500000000014e-09
	0.000000000000000e+00
	6.997634629903134e-01

 1180	1.164500000000014e-09
	0.000000000000000e+00
	6.997634629903134e-01

 1181	1.165500000000014e-09
	0.000000000000000e+00
	6.997634629903134e-01

 1182	1.166500000000015e-09
	0.000000000000000e+00
	6.997634629903134e-01

 1183	1.167500000000015e-09
	0.000000000000000e+00
	6.997634629903134e-01

 1184	1.168500000000015e-09
	0.000000000000000e+00
	6.997634629903134e-01

 1185	1.169500000000015e-09
	0.000000000000000e+00
	6.997634629903134e-01

 1186	1.170500000000015e-09
	0.000000000000000e+00
	6.997634629903134e-01

 1187	1.171500000000015e-09
	0.000000000000000e+00
	6.997634629903134e-01

 1188	1.172500000000015e-09
	0.000000000000000e+00
	6.997634629903134e-01

 1189	1.173500000000015e-09
	0.000000000000000e+00
	6.997634629903134e-01

 1190	1.174500000000015e-09
	0.000000000000000e+00
	6.997634629903134e-01

 1191	1.175500000000015e-09
	0.000000000000000e+00
	6.997634629903134e-01

 1192	1.176500000000016e-09
	0.000000000000000e+00
	6.997634629903134e-01

 1193	1.177500000000016e-09
	0.000000000000000e+00
	6.997634629903134e-01

 1194	1.178500000000016e-09
	0.000000000000000e+00
	6.997634629903134e-01

 1195	1.179500000000016e-09
	0.000000000000000e+00
	6.997634629903134e-01

 1196	1.180500000000016e-09
	0.000000000000000e+00
	6.997634629903134e-01

 1197	1.181500000000016e-09
	0.000000000000000e+00
	6.997634629903134e-01

 1198	1.182500000000016e-09
	0.000000000000000e+00
	6.997634629903134e-01

 1199	1.183500000000016e-09
	0.000000000000000e+00
	6.997634629903134e-01

 1200	1.184500000000016e-09
	0.000000000000000e+00
	6.997634629903134e-01

 1201	1.185500000000016e-09
	0.000000000000000e+00
	6.997634629903134e-01

 1202	1.186500000000017e-09
	0.000000000000000e+00
	6.997634629903134e-01

 1203	1.187500000000017e-09
	0.000000000000000e+00
	6.997634629903134e-01

 1204	1.188500000000017e-09
	0.000000000000000e+00
	6.997634629903134e-01

 1205	1.189500000000017e-09
	0.000000000000000e+00
	6.997634629903134e-01

 1206	1.190500000000017e-09
	0.000000000000000e+00
	6.997634629903134e-01

 1207	1.191500000000017e-09
	0.000000000000000e+00
	6.997634629903134e-01

 1208	1.192500000000017e-09
	0.000000000000000e+00
	6.997634629903134e-01

 1209	1.193500000000017e-09
	0.000000000000000e+00
	6.997634629903134e-01

 1210	1.194500000000017e-09
	0.000000000000000e+00
	6.997634629903134e-01

 1211	1.195500000000017e-09
	0.000000000000000e+00
	6.997634629903134e-01

 1212	1.196500000000018e-09
	0.000000000000000e+00
	6.997634629903134e-01

 1213	1.197500000000018e-09
	0.000000000000000e+00
	6.997634629903134e-01

 1214	1.198500000000018e-09
	0.000000000000000e+00
	6.997634629903134e-01

 1215	1.199500000000018e-09
	0.000000000000000e+00
	6.997634629903134e-01

 1216	1.200500000000018e-09
	0.000000000000000e+00
	6.997634629903134e-01

 1217	1.201500000000018e-09
	0.000000000000000e+00
	6.997634629903134e-01

 1218	1.202500000000018e-09
	0.000000000000000e+00
	6.997634629903134e-01

 1219	1.203500000000018e-09
	0.000000000000000e+00
	6.997634629903134e-01

 1220	1.204500000000018e-09
	0.000000000000000e+00
	6.997634629903134e-01

 1221	1.205500000000018e-09
	0.000000000000000e+00
	6.997634629903134e-01

 1222	1.206500000000019e-09
	0.000000000000000e+00
	6.997634629903134e-01

 1223	1.207500000000019e-09
	0.000000000000000e+00
	6.997634629903134e-01

 1224	1.208500000000019e-09
	0.000000000000000e+00
	6.997634629903134e-01

 1225	1.209500000000019e-09
	0.000000000000000e+00
	6.997634629903134e-01

 1226	1.210500000000019e-09
	0.000000000000000e+00
	6.997634629903134e-01

 1227	1.211500000000019e-09
	0.000000000000000e+00
	6.997634629903134e-01

 1228	1.212500000000019e-09
	0.000000000000000e+00
	6.997634629903134e-01

 1229	1.213500000000019e-09
	0.000000000000000e+00
	6.997634629903134e-01

 1230	1.214500000000019e-09
	0.000000000000000e+00
	6.997634629903134e-01

 1231	1.215500000000019e-09
	0.000000000000000e+00
	6.997634629903134e-01

 1232	1.216500000000020e-09
	0.000000000000000e+00
	6.997634629903134e-01

 1233	1.217500000000020e-09
	0.000000000000000e+00
	6.997634629903134e-01

 1234	1.218500000000020e-09
	0.000000000000000e+00
	6.997634629903134e-01

 1235	1.219500000000020e-09
	0.000000000000000e+00
	6.997634629903134e-01

 1236	1.220500000000020e-09
	0.000000000000000e+00
	6.997634629903134e-01

 1237	1.221500000000020e-09
	0.000000000000000e+00
	6.997634629903134e-01

 1238	1.222500000000020e-09
	0.000000000000000e+00
	6.997634629903134e-01

 1239	1.223500000000020e-09
	0.000000000000000e+00
	6.997634629903134e-01

 1240	1.224500000000020e-09
	0.000000000000000e+00
	6.997634629903134e-01

 1241	1.225500000000020e-09
	0.000000000000000e+00
	6.997634629903134e-01

 1242	1.226500000000021e-09
	0.000000000000000e+00
	6.997634629903134e-01

 1243	1.227500000000021e-09
	0.000000000000000e+00
	6.997634629903134e-01

 1244	1.228500000000021e-09
	0.000000000000000e+00
	6.997634629903134e-01

 1245	1.229500000000021e-09
	0.000000000000000e+00
	6.997634629903134e-01

 1246	1.230500000000021e-09
	0.000000000000000e+00
	6.997634629903134e-01

 1247	1.231500000000021e-09
	0.000000000000000e+00
	6.997634629903134e-01

 1248	1.232500000000021e-09
	0.000000000000000e+00
	6.997634629903134e-01

 1249	1.233500000000021e-09
	0.000000000000000e+00
	6.997634629903134e-01

 1250	1.234500000000021e-09
	0.000000000000000e+00
	6.997634629903134e-01

 1251	1.235500000000021e-09
	0.000000000000000e+00
	6.997634629903134e-01

 1252	1.236500000000022e-09
	0.000000000000000e+00
	6.997634629903134e-01

 1253	1.237500000000022e-09
	0.000000000000000e+00
	6.997634629903134e-01

 1254	1.238500000000022e-09
	0.000000000000000e+00
	6.997634629903134e-01

 1255	1.239500000000022e-09
	0.000000000000000e+00
	6.997634629903134e-01

 1256	1.240500000000022e-09
	0.000000000000000e+00
	6.997634629903134e-01

 1257	1.241500000000022e-09
	0.000000000000000e+00
	6.997634629903134e-01

 1258	1.242500000000022e-09
	0.000000000000000e+00
	6.997634629903134e-01

 1259	1.243500000000022e-09
	0.000000000000000e+00
	6.997634629903134e-01

 1260	1.244500000000022e-09
	0.000000000000000e+00
	6.997634629903134e-01

 1261	1.245500000000022e-09
	0.000000000000000e+00
	6.997634629903134e-01

 1262	1.246500000000023e-09
	0.000000000000000e+00
	6.997634629903134e-01

 1263	1.247500000000023e-09
	0.000000000000000e+00
	6.997634629903134e-01

 1264	1.248500000000023e-09
	0.000000000000000e+00
	6.997634629903134e-01

 1265	1.249500000000023e-09
	0.000000000000000e+00
	6.997634629903134e-01

 1266	1.250500000000023e-09
	0.000000000000000e+00
	6.997634629903134e-01

 1267	1.251500000000023e-09
	0.000000000000000e+00
	6.997634629903134e-01

 1268	1.252500000000023e-09
	0.000000000000000e+00
	6.997634629903134e-01

 1269	1.253500000000023e-09
	0.000000000000000e+00
	6.997634629903134e-01

 1270	1.254500000000023e-09
	0.000000000000000e+00
	6.997634629903134e-01

 1271	1.255500000000023e-09
	0.000000000000000e+00
	6.997634629903134e-01

 1272	1.256500000000024e-09
	0.000000000000000e+00
	6.997634629903134e-01

 1273	1.257500000000024e-09
	0.000000000000000e+00
	6.997634629903134e-01

 1274	1.258500000000024e-09
	0.000000000000000e+00
	6.997634629903134e-01

 1275	1.259500000000024e-09
	0.000000000000000e+00
	6.997634629903134e-01

 1276	1.260500000000024e-09
	0.000000000000000e+00
	6.997634629903134e-01

 1277	1.261500000000024e-09
	0.000000000000000e+00
	6.997634629903134e-01

 1278	1.262500000000024e-09
	0.000000000000000e+00
	6.997634629903134e-01

 1279	1.263500000000024e-09
	0.000000000000000e+00
	6.997634629903134e-01

 1280	1.264500000000024e-09
	0.000000000000000e+00
	6.997634629903134e-01

 1281	1.265500000000024e-09
	0.000000000000000e+00
	6.997634629903134e-01

 1282	1.266500000000025e-09
	0.000000000000000e+00
	6.997634629903134e-01

 1283	1.267500000000025e-09
	0.000000000000000e+00
	6.997634629903134e-01

 1284	1.268500000000025e-09
	0.000000000000000e+00
	6.997634629903134e-01

 1285	1.269500000000025e-09
	0.000000000000000e+00
	6.997634629903134e-01

 1286	1.270500000000025e-09
	0.000000000000000e+00
	6.997634629903134e-01

 1287	1.271500000000025e-09
	0.000000000000000e+00
	6.997634629903134e-01

 1288	1.272500000000025e-09
	0.000000000000000e+00
	6.997634629903134e-01

 1289	1.273500000000025e-09
	0.000000000000000e+00
	6.997634629903134e-01

 1290	1.274500000000025e-09
	0.000000000000000e+00
	6.997634629903134e-01

 1291	1.275500000000025e-09
	0.000000000000000e+00
	6.997634629903134e-01

 1292	1.276500000000026e-09
	0.000000000000000e+00
	6.997634629903134e-01

 1293	1.277500000000026e-09
	0.000000000000000e+00
	6.997634629903134e-01

 1294	1.278500000000026e-09
	0.000000000000000e+00
	6.997634629903134e-01

 1295	1.279500000000026e-09
	0.000000000000000e+00
	6.997634629903134e-01

 1296	1.280500000000026e-09
	0.000000000000000e+00
	6.997634629903134e-01

 1297	1.281500000000026e-09
	0.000000000000000e+00
	6.997634629903134e-01

 1298	1.282500000000026e-09
	0.000000000000000e+00
	6.997634629903134e-01

 1299	1.283500000000026e-09
	0.000000000000000e+00
	6.997634629903134e-01

 1300	1.284500000000026e-09
	0.000000000000000e+00
	6.997634629903134e-01

 1301	1.285500000000026e-09
	0.000000000000000e+00
	6.997634629903134e-01

 1302	1.286500000000027e-09
	0.000000000000000e+00
	6.997634629903134e-01

 1303	1.287500000000027e-09
	0.000000000000000e+00
	6.997634629903134e-01

 1304	1.288500000000027e-09
	0.000000000000000e+00
	6.997634629903134e-01

 1305	1.289500000000027e-09
	0.000000000000000e+00
	6.997634629903134e-01

 1306	1.290500000000027e-09
	0.000000000000000e+00
	6.997634629903134e-01

 1307	1.291500000000027e-09
	0.000000000000000e+00
	6.997634629903134e-01

 1308	1.292500000000027e-09
	0.000000000000000e+00
	6.997634629903134e-01

 1309	1.293500000000027e-09
	0.000000000000000e+00
	6.997634629903134e-01

 1310	1.294500000000027e-09
	0.000000000000000e+00
	6.997634629903134e-01

 1311	1.295500000000027e-09
	0.000000000000000e+00
	6.997634629903134e-01

 1312	1.296500000000028e-09
	0.000000000000000e+00
	6.997634629903134e-01

 1313	1.297500000000028e-09
	0.000000000000000e+00
	6.997634629903134e-01

 1314	1.298500000000028e-09
	0.000000000000000e+00
	6.997634629903134e-01

 1315	1.299500000000028e-09
	0.000000000000000e+00
	6.997634629903134e-01

 1316	1.300500000000028e-09
	0.000000000000000e+00
	6.997634629903134e-01

 1317	1.301500000000028e-09
	0.000000000000000e+00
	6.997634629903134e-01

 1318	1.302500000000028e-09
	0.000000000000000e+00
	6.997634629903134e-01

 1319	1.303500000000028e-09
	0.000000000000000e+00
	6.997634629903134e-01

 1320	1.304500000000028e-09
	0.000000000000000e+00
	6.997634629903134e-01

 1321	1.305500000000028e-09
	0.000000000000000e+00
	6.997634629903134e-01

 1322	1.306500000000029e-09
	0.000000000000000e+00
	6.997634629903134e-01

 1323	1.307500000000029e-09
	0.000000000000000e+00
	6.997634629903134e-01

 1324	1.308500000000029e-09
	0.000000000000000e+00
	6.997634629903134e-01

 1325	1.309500000000029e-09
	0.000000000000000e+00
	6.997634629903134e-01

 1326	1.310500000000029e-09
	0.000000000000000e+00
	6.997634629903134e-01

 1327	1.311500000000029e-09
	0.000000000000000e+00
	6.997634629903134e-01

 1328	1.312500000000029e-09
	0.000000000000000e+00
	6.997634629903134e-01

 1329	1.313500000000029e-09
	0.000000000000000e+00
	6.997634629903134e-01

 1330	1.314500000000029e-09
	0.000000000000000e+00
	6.997634629903134e-01

 1331	1.315500000000029e-09
	0.000000000000000e+00
	6.997634629903134e-01

 1332	1.316500000000030e-09
	0.000000000000000e+00
	6.997634629903134e-01

 1333	1.317500000000030e-09
	0.000000000000000e+00
	6.997634629903134e-01

 1334	1.318500000000030e-09
	0.000000000000000e+00
	6.997634629903134e-01

 1335	1.319500000000030e-09
	0.000000000000000e+00
	6.997634629903134e-01

 1336	1.320500000000030e-09
	0.000000000000000e+00
	6.997634629903134e-01

 1337	1.321500000000030e-09
	0.000000000000000e+00
	6.997634629903134e-01

 1338	1.322500000000030e-09
	0.000000000000000e+00
	6.997634629903134e-01

 1339	1.323500000000030e-09
	0.000000000000000e+00
	6.997634629903134e-01

 1340	1.324500000000030e-09
	0.000000000000000e+00
	6.997634629903134e-01

 1341	1.325500000000030e-09
	0.000000000000000e+00
	6.997634629903134e-01

 1342	1.326500000000031e-09
	0.000000000000000e+00
	6.997634629903134e-01

 1343	1.327500000000031e-09
	0.000000000000000e+00
	6.997634629903134e-01

 1344	1.328500000000031e-09
	0.000000000000000e+00
	6.997634629903134e-01

 1345	1.329500000000031e-09
	0.000000000000000e+00
	6.997634629903134e-01

 1346	1.330500000000031e-09
	0.000000000000000e+00
	6.997634629903134e-01

 1347	1.331500000000031e-09
	0.000000000000000e+00
	6.997634629903134e-01

 1348	1.332500000000031e-09
	0.000000000000000e+00
	6.997634629903134e-01

 1349	1.333500000000031e-09
	0.000000000000000e+00
	6.997634629903134e-01

 1350	1.334500000000031e-09
	0.000000000000000e+00
	6.997634629903134e-01

 1351	1.335500000000031e-09
	0.000000000000000e+00
	6.997634629903134e-01

 1352	1.336500000000032e-09
	0.000000000000000e+00
	6.997634629903134e-01

 1353	1.337500000000032e-09
	0.000000000000000e+00
	6.997634629903134e-01

 1354	1.338500000000032e-09
	0.000000000000000e+00
	6.997634629903134e-01

 1355	1.339500000000032e-09
	0.000000000000000e+00
	6.997634629903134e-01

 1356	1.340500000000032e-09
	0.000000000000000e+00
	6.997634629903134e-01

 1357	1.341500000000032e-09
	0.000000000000000e+00
	6.997634629903134e-01

 1358	1.342500000000032e-09
	0.000000000000000e+00
	6.997634629903134e-01

 1359	1.343500000000032e-09
	0.000000000000000e+00
	6.997634629903134e-01

 1360	1.344500000000032e-09
	0.000000000000000e+00
	6.997634629903134e-01

 1361	1.345500000000032e-09
	0.000000000000000e+00
	6.997634629903134e-01

 1362	1.346500000000033e-09
	0.000000000000000e+00
	6.997634629903134e-01

 1363	1.347500000000033e-09
	0.000000000000000e+00
	6.997634629903134e-01

 1364	1.348500000000033e-09
	0.000000000000000e+00
	6.997634629903134e-01

 1365	1.349500000000033e-09
	0.000000000000000e+00
	6.997634629903134e-01

 1366	1.350500000000033e-09
	0.000000000000000e+00
	6.997634629903134e-01

 1367	1.351500000000033e-09
	0.000000000000000e+00
	6.997634629903134e-01

 1368	1.352500000000033e-09
	0.000000000000000e+00
	6.997634629903134e-01

 1369	1.353500000000033e-09
	0.000000000000000e+00
	6.997634629903134e-01

 1370	1.354500000000033e-09
	0.000000000000000e+00
	6.997634629903134e-01

 1371	1.355500000000033e-09
	0.000000000000000e+00
	6.997634629903134e-01

 1372	1.356500000000034e-09
	0.000000000000000e+00
	6.997634629903134e-01

 1373	1.357500000000034e-09
	0.000000000000000e+00
	6.997634629903134e-01

 1374	1.358500000000034e-09
	0.000000000000000e+00
	6.997634629903134e-01

 1375	1.359500000000034e-09
	0.000000000000000e+00
	6.997634629903134e-01

 1376	1.360500000000034e-09
	0.000000000000000e+00
	6.997634629903134e-01

 1377	1.361500000000034e-09
	0.000000000000000e+00
	6.997634629903134e-01

 1378	1.362500000000034e-09
	0.000000000000000e+00
	6.997634629903134e-01

 1379	1.363500000000034e-09
	0.000000000000000e+00
	6.997634629903134e-01

 1380	1.364500000000034e-09
	0.000000000000000e+00
	6.997634629903134e-01

 1381	1.365500000000034e-09
	0.000000000000000e+00
	6.997634629903134e-01

 1382	1.366500000000035e-09
	0.000000000000000e+00
	6.997634629903134e-01

 1383	1.367500000000035e-09
	0.000000000000000e+00
	6.997634629903134e-01

 1384	1.368500000000035e-09
	0.000000000000000e+00
	6.997634629903134e-01

 1385	1.369500000000035e-09
	0.000000000000000e+00
	6.997634629903134e-01

 1386	1.370500000000035e-09
	0.000000000000000e+00
	6.997634629903134e-01

 1387	1.371500000000035e-09
	0.000000000000000e+00
	6.997634629903134e-01

 1388	1.372500000000035e-09
	0.000000000000000e+00
	6.997634629903134e-01

 1389	1.373500000000035e-09
	0.000000000000000e+00
	6.997634629903134e-01

 1390	1.374500000000035e-09
	0.000000000000000e+00
	6.997634629903134e-01

 1391	1.375500000000035e-09
	0.000000000000000e+00
	6.997634629903134e-01

 1392	1.376500000000036e-09
	0.000000000000000e+00
	6.997634629903134e-01

 1393	1.377500000000036e-09
	0.000000000000000e+00
	6.997634629903134e-01

 1394	1.378500000000036e-09
	0.000000000000000e+00
	6.997634629903134e-01

 1395	1.379500000000036e-09
	0.000000000000000e+00
	6.997634629903134e-01

 1396	1.380500000000036e-09
	0.000000000000000e+00
	6.997634629903134e-01

 1397	1.381500000000036e-09
	0.000000000000000e+00
	6.997634629903134e-01

 1398	1.382500000000036e-09
	0.000000000000000e+00
	6.997634629903134e-01

 1399	1.383500000000036e-09
	0.000000000000000e+00
	6.997634629903134e-01

 1400	1.384500000000036e-09
	0.000000000000000e+00
	6.997634629903134e-01

 1401	1.385500000000036e-09
	0.000000000000000e+00
	6.997634629903134e-01

 1402	1.386500000000037e-09
	0.000000000000000e+00
	6.997634629903134e-01

 1403	1.387500000000037e-09
	0.000000000000000e+00
	6.997634629903134e-01

 1404	1.388500000000037e-09
	0.000000000000000e+00
	6.997634629903134e-01

 1405	1.389500000000037e-09
	0.000000000000000e+00
	6.997634629903134e-01

 1406	1.390500000000037e-09
	0.000000000000000e+00
	6.997634629903134e-01

 1407	1.391500000000037e-09
	0.000000000000000e+00
	6.997634629903134e-01

 1408	1.392500000000037e-09
	0.000000000000000e+00
	6.997634629903134e-01

 1409	1.393500000000037e-09
	0.000000000000000e+00
	6.997634629903134e-01

 1410	1.394500000000037e-09
	0.000000000000000e+00
	6.997634629903134e-01

 1411	1.395500000000037e-09
	0.000000000000000e+00
	6.997634629903134e-01

 1412	1.396500000000038e-09
	0.000000000000000e+00
	6.997634629903134e-01

 1413	1.397500000000038e-09
	0.000000000000000e+00
	6.997634629903134e-01

 1414	1.398500000000038e-09
	0.000000000000000e+00
	6.997634629903134e-01

 1415	1.399500000000038e-09
	0.000000000000000e+00
	6.997634629903134e-01

 1416	1.400500000000038e-09
	0.000000000000000e+00
	6.997634629903134e-01

 1417	1.401500000000038e-09
	0.000000000000000e+00
	6.997634629903134e-01

 1418	1.402500000000038e-09
	0.000000000000000e+00
	6.997634629903134e-01

 1419	1.403500000000038e-09
	0.000000000000000e+00
	6.997634629903134e-01

 1420	1.404500000000038e-09
	0.000000000000000e+00
	6.997634629903134e-01

 1421	1.405500000000038e-09
	0.000000000000000e+00
	6.997634629903134e-01

 1422	1.406500000000039e-09
	0.000000000000000e+00
	6.997634629903134e-01

 1423	1.407500000000039e-09
	0.000000000000000e+00
	6.997634629903134e-01

 1424	1.408500000000039e-09
	0.000000000000000e+00
	6.997634629903134e-01

 1425	1.409500000000039e-09
	0.000000000000000e+00
	6.997634629903134e-01

 1426	1.410500000000039e-09
	0.000000000000000e+00
	6.997634629903134e-01

 1427	1.411500000000039e-09
	0.000000000000000e+00
	6.997634629903134e-01

 1428	1.412500000000039e-09
	0.000000000000000e+00
	6.997634629903134e-01

 1429	1.413500000000039e-09
	0.000000000000000e+00
	6.997634629903134e-01

 1430	1.414500000000039e-09
	0.000000000000000e+00
	6.997634629903134e-01

 1431	1.415500000000039e-09
	0.000000000000000e+00
	6.997634629903134e-01

 1432	1.416500000000040e-09
	0.000000000000000e+00
	6.997634629903134e-01

 1433	1.417500000000040e-09
	0.000000000000000e+00
	6.997634629903134e-01

 1434	1.418500000000040e-09
	0.000000000000000e+00
	6.997634629903134e-01

 1435	1.419500000000040e-09
	0.000000000000000e+00
	6.997634629903134e-01

 1436	1.420500000000040e-09
	0.000000000000000e+00
	6.997634629903134e-01

 1437	1.421500000000040e-09
	0.000000000000000e+00
	6.997634629903134e-01

 1438	1.422500000000040e-09
	0.000000000000000e+00
	6.997634629903134e-01

 1439	1.423500000000040e-09
	0.000000000000000e+00
	6.997634629903134e-01

 1440	1.424500000000040e-09
	0.000000000000000e+00
	6.997634629903134e-01

 1441	1.425500000000040e-09
	0.000000000000000e+00
	6.997634629903134e-01

 1442	1.426500000000041e-09
	0.000000000000000e+00
	6.997634629903134e-01

 1443	1.427500000000041e-09
	0.000000000000000e+00
	6.997634629903134e-01

 1444	1.428500000000041e-09
	0.000000000000000e+00
	6.997634629903134e-01

 1445	1.429500000000041e-09
	0.000000000000000e+00
	6.997634629903134e-01

 1446	1.430500000000041e-09
	0.000000000000000e+00
	6.997634629903134e-01

 1447	1.431500000000041e-09
	0.000000000000000e+00
	6.997634629903134e-01

 1448	1.432500000000041e-09
	0.000000000000000e+00
	6.997634629903134e-01

 1449	1.433500000000041e-09
	0.000000000000000e+00
	6.997634629903134e-01

 1450	1.434500000000041e-09
	0.000000000000000e+00
	6.997634629903134e-01

 1451	1.435500000000041e-09
	0.000000000000000e+00
	6.997634629903134e-01

 1452	1.436500000000042e-09
	0.000000000000000e+00
	6.997634629903134e-01

 1453	1.437500000000042e-09
	0.000000000000000e+00
	6.997634629903134e-01

 1454	1.438500000000042e-09
	0.000000000000000e+00
	6.997634629903134e-01

 1455	1.439500000000042e-09
	0.000000000000000e+00
	6.997634629903134e-01

 1456	1.440500000000042e-09
	0.000000000000000e+00
	6.997634629903134e-01

 1457	1.441500000000042e-09
	0.000000000000000e+00
	6.997634629903134e-01

 1458	1.442500000000042e-09
	0.000000000000000e+00
	6.997634629903134e-01

 1459	1.443500000000042e-09
	0.000000000000000e+00
	6.997634629903134e-01

 1460	1.444500000000042e-09
	0.000000000000000e+00
	6.997634629903134e-01

 1461	1.445500000000042e-09
	0.000000000000000e+00
	6.997634629903134e-01

 1462	1.446500000000043e-09
	0.000000000000000e+00
	6.997634629903134e-01

 1463	1.447500000000043e-09
	0.000000000000000e+00
	6.997634629903134e-01

 1464	1.448500000000043e-09
	0.000000000000000e+00
	6.997634629903134e-01

 1465	1.449500000000043e-09
	0.000000000000000e+00
	6.997634629903134e-01

 1466	1.450500000000043e-09
	0.000000000000000e+00
	6.997634629903134e-01

 1467	1.451500000000043e-09
	0.000000000000000e+00
	6.997634629903134e-01

 1468	1.452500000000043e-09
	0.000000000000000e+00
	6.997634629903134e-01

 1469	1.453500000000043e-09
	0.000000000000000e+00
	6.997634629903134e-01

 1470	1.454500000000043e-09
	0.000000000000000e+00
	6.997634629903134e-01

 1471	1.455500000000043e-09
	0.000000000000000e+00
	6.997634629903134e-01

 1472	1.456500000000044e-09
	0.000000000000000e+00
	6.997634629903134e-01

 1473	1.457500000000044e-09
	0.000000000000000e+00
	6.997634629903134e-01

 1474	1.458500000000044e-09
	0.000000000000000e+00
	6.997634629903134e-01

 1475	1.459500000000044e-09
	0.000000000000000e+00
	6.997634629903134e-01

 1476	1.460500000000044e-09
	0.000000000000000e+00
	6.997634629903134e-01

 1477	1.461500000000044e-09
	0.000000000000000e+00
	6.997634629903134e-01

 1478	1.462500000000044e-09
	0.000000000000000e+00
	6.997634629903134e-01

 1479	1.463500000000044e-09
	0.000000000000000e+00
	6.997634629903134e-01

 1480	1.464500000000044e-09
	0.000000000000000e+00
	6.997634629903134e-01

 1481	1.465500000000044e-09
	0.000000000000000e+00
	6.997634629903134e-01

 1482	1.466500000000045e-09
	0.000000000000000e+00
	6.997634629903134e-01

 1483	1.467500000000045e-09
	0.000000000000000e+00
	6.997634629903134e-01

 1484	1.468500000000045e-09
	0.000000000000000e+00
	6.997634629903134e-01

 1485	1.469500000000045e-09
	0.000000000000000e+00
	6.997634629903134e-01

 1486	1.470500000000045e-09
	0.000000000000000e+00
	6.997634629903134e-01

 1487	1.471500000000045e-09
	0.000000000000000e+00
	6.997634629903134e-01

 1488	1.472500000000045e-09
	0.000000000000000e+00
	6.997634629903134e-01

 1489	1.473500000000045e-09
	0.000000000000000e+00
	6.997634629903134e-01

 1490	1.474500000000045e-09
	0.000000000000000e+00
	6.997634629903134e-01

 1491	1.475500000000045e-09
	0.000000000000000e+00
	6.997634629903134e-01

 1492	1.476500000000046e-09
	0.000000000000000e+00
	6.997634629903134e-01

 1493	1.477500000000046e-09
	0.000000000000000e+00
	6.997634629903134e-01

 1494	1.478500000000046e-09
	0.000000000000000e+00
	6.997634629903134e-01

 1495	1.479500000000046e-09
	0.000000000000000e+00
	6.997634629903134e-01

 1496	1.480500000000046e-09
	0.000000000000000e+00
	6.997634629903134e-01

 1497	1.481500000000046e-09
	0.000000000000000e+00
	6.997634629903134e-01

 1498	1.482500000000046e-09
	0.000000000000000e+00
	6.997634629903134e-01

 1499	1.483500000000046e-09
	0.000000000000000e+00
	6.997634629903134e-01

 1500	1.484500000000046e-09
	0.000000000000000e+00
	6.997634629903134e-01

 1501	1.485500000000046e-09
	0.000000000000000e+00
	6.997634629903134e-01

 1502	1.486500000000047e-09
	0.000000000000000e+00
	6.997634629903134e-01

 1503	1.487500000000047e-09
	0.000000000000000e+00
	6.997634629903134e-01

 1504	1.488500000000047e-09
	0.000000000000000e+00
	6.997634629903134e-01

 1505	1.489500000000047e-09
	0.000000000000000e+00
	6.997634629903134e-01

 1506	1.490500000000047e-09
	0.000000000000000e+00
	6.997634629903134e-01

 1507	1.491500000000047e-09
	0.000000000000000e+00
	6.997634629903134e-01

 1508	1.492500000000047e-09
	0.000000000000000e+00
	6.997634629903134e-01

 1509	1.493500000000047e-09
	0.000000000000000e+00
	6.997634629903134e-01

 1510	1.494500000000047e-09
	0.000000000000000e+00
	6.997634629903134e-01

 1511	1.495500000000047e-09
	0.000000000000000e+00
	6.997634629903134e-01

 1512	1.496500000000048e-09
	0.000000000000000e+00
	6.997634629903134e-01

 1513	1.497500000000048e-09
	0.000000000000000e+00
	6.997634629903134e-01

 1514	1.498500000000048e-09
	0.000000000000000e+00
	6.997634629903134e-01

 1515	1.499500000000048e-09
	0.000000000000000e+00
	6.997634629903134e-01

 1516	1.500500000000048e-09
	0.000000000000000e+00
	6.997634629903134e-01

 1517	1.501500000000048e-09
	0.000000000000000e+00
	6.997634629903134e-01

 1518	1.502500000000048e-09
	0.000000000000000e+00
	6.997634629903134e-01

 1519	1.503500000000048e-09
	0.000000000000000e+00
	6.997634629903134e-01

 1520	1.504500000000048e-09
	0.000000000000000e+00
	6.997634629903134e-01

 1521	1.505500000000048e-09
	0.000000000000000e+00
	6.997634629903134e-01

 1522	1.506500000000049e-09
	0.000000000000000e+00
	6.997634629903134e-01

 1523	1.507500000000049e-09
	0.000000000000000e+00
	6.997634629903134e-01

 1524	1.508500000000049e-09
	0.000000000000000e+00
	6.997634629903134e-01

 1525	1.509500000000049e-09
	0.000000000000000e+00
	6.997634629903134e-01

 1526	1.510500000000049e-09
	0.000000000000000e+00
	6.997634629903134e-01

 1527	1.511500000000049e-09
	0.000000000000000e+00
	6.997634629903134e-01

 1528	1.512500000000049e-09
	0.000000000000000e+00
	6.997634629903134e-01

 1529	1.513500000000049e-09
	0.000000000000000e+00
	6.997634629903134e-01

 1530	1.514500000000049e-09
	0.000000000000000e+00
	6.997634629903134e-01

 1531	1.515500000000049e-09
	0.000000000000000e+00
	6.997634629903134e-01

 1532	1.516500000000050e-09
	0.000000000000000e+00
	6.997634629903134e-01

 1533	1.517500000000050e-09
	0.000000000000000e+00
	6.997634629903134e-01

 1534	1.518500000000050e-09
	0.000000000000000e+00
	6.997634629903134e-01

 1535	1.519500000000050e-09
	0.000000000000000e+00
	6.997634629903134e-01

 1536	1.520500000000050e-09
	0.000000000000000e+00
	6.997634629903134e-01

 1537	1.521500000000050e-09
	0.000000000000000e+00
	6.997634629903134e-01

 1538	1.522500000000050e-09
	0.000000000000000e+00
	6.997634629903134e-01

 1539	1.523500000000050e-09
	0.000000000000000e+00
	6.997634629903134e-01

 1540	1.524500000000050e-09
	0.000000000000000e+00
	6.997634629903134e-01

 1541	1.525500000000050e-09
	0.000000000000000e+00
	6.997634629903134e-01

 1542	1.526500000000051e-09
	0.000000000000000e+00
	6.997634629903134e-01

 1543	1.527500000000051e-09
	0.000000000000000e+00
	6.997634629903134e-01

 1544	1.528500000000051e-09
	0.000000000000000e+00
	6.997634629903134e-01

 1545	1.529500000000051e-09
	0.000000000000000e+00
	6.997634629903134e-01

 1546	1.530500000000051e-09
	0.000000000000000e+00
	6.997634629903134e-01

 1547	1.531500000000051e-09
	0.000000000000000e+00
	6.997634629903134e-01

 1548	1.532500000000051e-09
	0.000000000000000e+00
	6.997634629903134e-01

 1549	1.533500000000051e-09
	0.000000000000000e+00
	6.997634629903134e-01

 1550	1.534500000000051e-09
	0.000000000000000e+00
	6.997634629903134e-01

 1551	1.535500000000051e-09
	0.000000000000000e+00
	6.997634629903134e-01

 1552	1.536500000000052e-09
	0.000000000000000e+00
	6.997634629903134e-01

 1553	1.537500000000052e-09
	0.000000000000000e+00
	6.997634629903134e-01

 1554	1.538500000000052e-09
	0.000000000000000e+00
	6.997634629903134e-01

 1555	1.539500000000052e-09
	0.000000000000000e+00
	6.997634629903134e-01

 1556	1.540500000000052e-09
	0.000000000000000e+00
	6.997634629903134e-01

 1557	1.541500000000052e-09
	0.000000000000000e+00
	6.997634629903134e-01

 1558	1.542500000000052e-09
	0.000000000000000e+00
	6.997634629903134e-01

 1559	1.543500000000052e-09
	0.000000000000000e+00
	6.997634629903134e-01

 1560	1.544500000000052e-09
	0.000000000000000e+00
	6.997634629903134e-01

 1561	1.545500000000052e-09
	0.000000000000000e+00
	6.997634629903134e-01

 1562	1.546500000000053e-09
	0.000000000000000e+00
	6.997634629903134e-01

 1563	1.547500000000053e-09
	0.000000000000000e+00
	6.997634629903134e-01

 1564	1.548500000000053e-09
	0.000000000000000e+00
	6.997634629903134e-01

 1565	1.549500000000053e-09
	0.000000000000000e+00
	6.997634629903134e-01

 1566	1.550500000000053e-09
	0.000000000000000e+00
	6.997634629903134e-01

 1567	1.551500000000053e-09
	0.000000000000000e+00
	6.997634629903134e-01

 1568	1.552500000000053e-09
	0.000000000000000e+00
	6.997634629903134e-01

 1569	1.553500000000053e-09
	0.000000000000000e+00
	6.997634629903134e-01

 1570	1.554500000000053e-09
	0.000000000000000e+00
	6.997634629903134e-01

 1571	1.555500000000053e-09
	0.000000000000000e+00
	6.997634629903134e-01

 1572	1.556500000000054e-09
	0.000000000000000e+00
	6.997634629903134e-01

 1573	1.557500000000054e-09
	0.000000000000000e+00
	6.997634629903134e-01

 1574	1.558500000000054e-09
	0.000000000000000e+00
	6.997634629903134e-01

 1575	1.559500000000054e-09
	0.000000000000000e+00
	6.997634629903134e-01

 1576	1.560500000000054e-09
	0.000000000000000e+00
	6.997634629903134e-01

 1577	1.561500000000054e-09
	0.000000000000000e+00
	6.997634629903134e-01

 1578	1.562500000000054e-09
	0.000000000000000e+00
	6.997634629903134e-01

 1579	1.563500000000054e-09
	0.000000000000000e+00
	6.997634629903134e-01

 1580	1.564500000000054e-09
	0.000000000000000e+00
	6.997634629903134e-01

 1581	1.565500000000054e-09
	0.000000000000000e+00
	6.997634629903134e-01

 1582	1.566500000000055e-09
	0.000000000000000e+00
	6.997634629903134e-01

 1583	1.567500000000055e-09
	0.000000000000000e+00
	6.997634629903134e-01

 1584	1.568500000000055e-09
	0.000000000000000e+00
	6.997634629903134e-01

 1585	1.569500000000055e-09
	0.000000000000000e+00
	6.997634629903134e-01

 1586	1.570500000000055e-09
	0.000000000000000e+00
	6.997634629903134e-01

 1587	1.571500000000055e-09
	0.000000000000000e+00
	6.997634629903134e-01

 1588	1.572500000000055e-09
	0.000000000000000e+00
	6.997634629903134e-01

 1589	1.573500000000055e-09
	0.000000000000000e+00
	6.997634629903134e-01

 1590	1.574500000000055e-09
	0.000000000000000e+00
	6.997634629903134e-01

 1591	1.575500000000055e-09
	0.000000000000000e+00
	6.997634629903134e-01

 1592	1.576500000000056e-09
	0.000000000000000e+00
	6.997634629903134e-01

 1593	1.577500000000056e-09
	0.000000000000000e+00
	6.997634629903134e-01

 1594	1.578500000000056e-09
	0.000000000000000e+00
	6.997634629903134e-01

 1595	1.579500000000056e-09
	0.000000000000000e+00
	6.997634629903134e-01

 1596	1.580500000000056e-09
	0.000000000000000e+00
	6.997634629903134e-01

 1597	1.581500000000056e-09
	0.000000000000000e+00
	6.997634629903134e-01

 1598	1.582500000000056e-09
	0.000000000000000e+00
	6.997634629903134e-01

 1599	1.583500000000056e-09
	0.000000000000000e+00
	6.997634629903134e-01

 1600	1.584500000000056e-09
	0.000000000000000e+00
	6.997634629903134e-01

 1601	1.585500000000056e-09
	0.000000000000000e+00
	6.997634629903134e-01

 1602	1.586500000000057e-09
	0.000000000000000e+00
	6.997634629903134e-01

 1603	1.587500000000057e-09
	0.000000000000000e+00
	6.997634629903134e-01

 1604	1.588500000000057e-09
	0.000000000000000e+00
	6.997634629903134e-01

 1605	1.589500000000057e-09
	0.000000000000000e+00
	6.997634629903134e-01

 1606	1.590500000000057e-09
	0.000000000000000e+00
	6.997634629903134e-01

 1607	1.591500000000057e-09
	0.000000000000000e+00
	6.997634629903134e-01

 1608	1.592500000000057e-09
	0.000000000000000e+00
	6.997634629903134e-01

 1609	1.593500000000057e-09
	0.000000000000000e+00
	6.997634629903134e-01

 1610	1.594500000000057e-09
	0.000000000000000e+00
	6.997634629903134e-01

 1611	1.595500000000057e-09
	0.000000000000000e+00
	6.997634629903134e-01

 1612	1.596500000000058e-09
	0.000000000000000e+00
	6.997634629903134e-01

 1613	1.597500000000058e-09
	0.000000000000000e+00
	6.997634629903134e-01

 1614	1.598500000000058e-09
	0.000000000000000e+00
	6.997634629903134e-01

 1615	1.599500000000058e-09
	0.000000000000000e+00
	6.997634629903134e-01

 1616	1.600500000000058e-09
	0.000000000000000e+00
	6.997634629903134e-01

 1617	1.601500000000058e-09
	0.000000000000000e+00
	6.997634629903134e-01

 1618	1.602500000000058e-09
	0.000000000000000e+00
	6.997634629903134e-01

 1619	1.603500000000058e-09
	0.000000000000000e+00
	6.997634629903134e-01

 1620	1.604500000000058e-09
	0.000000000000000e+00
	6.997634629903134e-01

 1621	1.605500000000058e-09
	0.000000000000000e+00
	6.997634629903134e-01

 1622	1.606500000000059e-09
	0.000000000000000e+00
	6.997634629903134e-01

 1623	1.607500000000059e-09
	0.000000000000000e+00
	6.997634629903134e-01

 1624	1.608500000000059e-09
	0.000000000000000e+00
	6.997634629903134e-01

 1625	1.609500000000059e-09
	0.000000000000000e+00
	6.997634629903134e-01

 1626	1.610500000000059e-09
	0.000000000000000e+00
	6.997634629903134e-01

 1627	1.611500000000059e-09
	0.000000000000000e+00
	6.997634629903134e-01

 1628	1.612500000000059e-09
	0.000000000000000e+00
	6.997634629903134e-01

 1629	1.613500000000059e-09
	0.000000000000000e+00
	6.997634629903134e-01

 1630	1.614500000000059e-09
	0.000000000000000e+00
	6.997634629903134e-01

 1631	1.615500000000059e-09
	0.000000000000000e+00
	6.997634629903134e-01

 1632	1.616500000000060e-09
	0.000000000000000e+00
	6.997634629903134e-01

 1633	1.617500000000060e-09
	0.000000000000000e+00
	6.997634629903134e-01

 1634	1.618500000000060e-09
	0.000000000000000e+00
	6.997634629903134e-01

 1635	1.619500000000060e-09
	0.000000000000000e+00
	6.997634629903134e-01

 1636	1.620500000000060e-09
	0.000000000000000e+00
	6.997634629903134e-01

 1637	1.621500000000060e-09
	0.000000000000000e+00
	6.997634629903134e-01

 1638	1.622500000000060e-09
	0.000000000000000e+00
	6.997634629903134e-01

 1639	1.623500000000060e-09
	0.000000000000000e+00
	6.997634629903134e-01

 1640	1.624500000000060e-09
	0.000000000000000e+00
	6.997634629903134e-01

 1641	1.625500000000060e-09
	0.000000000000000e+00
	6.997634629903134e-01

 1642	1.626500000000061e-09
	0.000000000000000e+00
	6.997634629903134e-01

 1643	1.627500000000061e-09
	0.000000000000000e+00
	6.997634629903134e-01

 1644	1.628500000000061e-09
	0.000000000000000e+00
	6.997634629903134e-01

 1645	1.629500000000061e-09
	0.000000000000000e+00
	6.997634629903134e-01

 1646	1.630500000000061e-09
	0.000000000000000e+00
	6.997634629903134e-01

 1647	1.631500000000061e-09
	0.000000000000000e+00
	6.997634629903134e-01

 1648	1.632500000000061e-09
	0.000000000000000e+00
	6.997634629903134e-01

 1649	1.633500000000061e-09
	0.000000000000000e+00
	6.997634629903134e-01

 1650	1.634500000000061e-09
	0.000000000000000e+00
	6.997634629903134e-01

 1651	1.635500000000061e-09
	0.000000000000000e+00
	6.997634629903134e-01

 1652	1.636500000000062e-09
	0.000000000000000e+00
	6.997634629903134e-01

 1653	1.637500000000062e-09
	0.000000000000000e+00
	6.997634629903134e-01

 1654	1.638500000000062e-09
	0.000000000000000e+00
	6.997634629903134e-01

 1655	1.639500000000062e-09
	0.000000000000000e+00
	6.997634629903134e-01

 1656	1.640500000000062e-09
	0.000000000000000e+00
	6.997634629903134e-01

 1657	1.641500000000062e-09
	0.000000000000000e+00
	6.997634629903134e-01

 1658	1.642500000000062e-09
	0.000000000000000e+00
	6.997634629903134e-01

 1659	1.643500000000062e-09
	0.000000000000000e+00
	6.997634629903134e-01

 1660	1.644500000000062e-09
	0.000000000000000e+00
	6.997634629903134e-01

 1661	1.645500000000062e-09
	0.000000000000000e+00
	6.997634629903134e-01

 1662	1.646500000000063e-09
	0.000000000000000e+00
	6.997634629903134e-01

 1663	1.647500000000063e-09
	0.000000000000000e+00
	6.997634629903134e-01

 1664	1.648500000000063e-09
	0.000000000000000e+00
	6.997634629903134e-01

 1665	1.649500000000063e-09
	0.000000000000000e+00
	6.997634629903134e-01

 1666	1.650500000000063e-09
	0.000000000000000e+00
	6.997634629903134e-01

 1667	1.651500000000063e-09
	0.000000000000000e+00
	6.997634629903134e-01

 1668	1.652500000000063e-09
	0.000000000000000e+00
	6.997634629903134e-01

 1669	1.653500000000063e-09
	0.000000000000000e+00
	6.997634629903134e-01

 1670	1.654500000000063e-09
	0.000000000000000e+00
	6.997634629903134e-01

 1671	1.655500000000063e-09
	0.000000000000000e+00
	6.997634629903134e-01

 1672	1.656500000000064e-09
	0.000000000000000e+00
	6.997634629903134e-01

 1673	1.657500000000064e-09
	0.000000000000000e+00
	6.997634629903134e-01

 1674	1.658500000000064e-09
	0.000000000000000e+00
	6.997634629903134e-01

 1675	1.659500000000064e-09
	0.000000000000000e+00
	6.997634629903134e-01

 1676	1.660500000000064e-09
	0.000000000000000e+00
	6.997634629903134e-01

 1677	1.661500000000064e-09
	0.000000000000000e+00
	6.997634629903134e-01

 1678	1.662500000000064e-09
	0.000000000000000e+00
	6.997634629903134e-01

 1679	1.663500000000064e-09
	0.000000000000000e+00
	6.997634629903134e-01

 1680	1.664500000000064e-09
	0.000000000000000e+00
	6.997634629903134e-01

 1681	1.665500000000064e-09
	0.000000000000000e+00
	6.997634629903134e-01

 1682	1.666500000000065e-09
	0.000000000000000e+00
	6.997634629903134e-01

 1683	1.667500000000065e-09
	0.000000000000000e+00
	6.997634629903134e-01

 1684	1.668500000000065e-09
	0.000000000000000e+00
	6.997634629903134e-01

 1685	1.669500000000065e-09
	0.000000000000000e+00
	6.997634629903134e-01

 1686	1.670500000000065e-09
	0.000000000000000e+00
	6.997634629903134e-01

 1687	1.671500000000065e-09
	0.000000000000000e+00
	6.997634629903134e-01

 1688	1.672500000000065e-09
	0.000000000000000e+00
	6.997634629903134e-01

 1689	1.673500000000065e-09
	0.000000000000000e+00
	6.997634629903134e-01

 1690	1.674500000000065e-09
	0.000000000000000e+00
	6.997634629903134e-01

 1691	1.675500000000065e-09
	0.000000000000000e+00
	6.997634629903134e-01

 1692	1.676500000000066e-09
	0.000000000000000e+00
	6.997634629903134e-01

 1693	1.677500000000066e-09
	0.000000000000000e+00
	6.997634629903134e-01

 1694	1.678500000000066e-09
	0.000000000000000e+00
	6.997634629903134e-01

 1695	1.679500000000066e-09
	0.000000000000000e+00
	6.997634629903134e-01

 1696	1.680500000000066e-09
	0.000000000000000e+00
	6.997634629903134e-01

 1697	1.681500000000066e-09
	0.000000000000000e+00
	6.997634629903134e-01

 1698	1.682500000000066e-09
	0.000000000000000e+00
	6.997634629903134e-01

 1699	1.683500000000066e-09
	0.000000000000000e+00
	6.997634629903134e-01

 1700	1.684500000000066e-09
	0.000000000000000e+00
	6.997634629903134e-01

 1701	1.685500000000066e-09
	0.000000000000000e+00
	6.997634629903134e-01

 1702	1.686500000000067e-09
	0.000000000000000e+00
	6.997634629903134e-01

 1703	1.687500000000067e-09
	0.000000000000000e+00
	6.997634629903134e-01

 1704	1.688500000000067e-09
	0.000000000000000e+00
	6.997634629903134e-01

 1705	1.689500000000067e-09
	0.000000000000000e+00
	6.997634629903134e-01

 1706	1.690500000000067e-09
	0.000000000000000e+00
	6.997634629903134e-01

 1707	1.691500000000067e-09
	0.000000000000000e+00
	6.997634629903134e-01

 1708	1.692500000000067e-09
	0.000000000000000e+00
	6.997634629903134e-01

 1709	1.693500000000067e-09
	0.000000000000000e+00
	6.997634629903134e-01

 1710	1.694500000000067e-09
	0.000000000000000e+00
	6.997634629903134e-01

 1711	1.695500000000067e-09
	0.000000000000000e+00
	6.997634629903134e-01

 1712	1.696500000000068e-09
	0.000000000000000e+00
	6.997634629903134e-01

 1713	1.697500000000068e-09
	0.000000000000000e+00
	6.997634629903134e-01

 1714	1.698500000000068e-09
	0.000000000000000e+00
	6.997634629903134e-01

 1715	1.699500000000068e-09
	0.000000000000000e+00
	6.997634629903134e-01

 1716	1.700500000000068e-09
	0.000000000000000e+00
	6.997634629903134e-01

 1717	1.701500000000068e-09
	0.000000000000000e+00
	6.997634629903134e-01

 1718	1.702500000000068e-09
	0.000000000000000e+00
	6.997634629903134e-01

 1719	1.703500000000068e-09
	0.000000000000000e+00
	6.997634629903134e-01

 1720	1.704500000000068e-09
	0.000000000000000e+00
	6.997634629903134e-01

 1721	1.705500000000068e-09
	0.000000000000000e+00
	6.997634629903134e-01

 1722	1.706500000000069e-09
	0.000000000000000e+00
	6.997634629903134e-01

 1723	1.707500000000069e-09
	0.000000000000000e+00
	6.997634629903134e-01

 1724	1.708500000000069e-09
	0.000000000000000e+00
	6.997634629903134e-01

 1725	1.709500000000069e-09
	0.000000000000000e+00
	6.997634629903134e-01

 1726	1.710500000000069e-09
	0.000000000000000e+00
	6.997634629903134e-01

 1727	1.711500000000069e-09
	0.000000000000000e+00
	6.997634629903134e-01

 1728	1.712500000000069e-09
	0.000000000000000e+00
	6.997634629903134e-01

 1729	1.713500000000069e-09
	0.000000000000000e+00
	6.997634629903134e-01

 1730	1.714500000000069e-09
	0.000000000000000e+00
	6.997634629903134e-01

 1731	1.715500000000069e-09
	0.000000000000000e+00
	6.997634629903134e-01

 1732	1.716500000000070e-09
	0.000000000000000e+00
	6.997634629903134e-01

 1733	1.717500000000070e-09
	0.000000000000000e+00
	6.997634629903134e-01

 1734	1.718500000000070e-09
	0.000000000000000e+00
	6.997634629903134e-01

 1735	1.719500000000070e-09
	0.000000000000000e+00
	6.997634629903134e-01

 1736	1.720500000000070e-09
	0.000000000000000e+00
	6.997634629903134e-01

 1737	1.721500000000070e-09
	0.000000000000000e+00
	6.997634629903134e-01

 1738	1.722500000000070e-09
	0.000000000000000e+00
	6.997634629903134e-01

 1739	1.723500000000070e-09
	0.000000000000000e+00
	6.997634629903134e-01

 1740	1.724500000000070e-09
	0.000000000000000e+00
	6.997634629903134e-01

 1741	1.725500000000070e-09
	0.000000000000000e+00
	6.997634629903134e-01

 1742	1.726500000000071e-09
	0.000000000000000e+00
	6.997634629903134e-01

 1743	1.727500000000071e-09
	0.000000000000000e+00
	6.997634629903134e-01

 1744	1.728500000000071e-09
	0.000000000000000e+00
	6.997634629903134e-01

 1745	1.729500000000071e-09
	0.000000000000000e+00
	6.997634629903134e-01

 1746	1.730500000000071e-09
	0.000000000000000e+00
	6.997634629903134e-01

 1747	1.731500000000071e-09
	0.000000000000000e+00
	6.997634629903134e-01

 1748	1.732500000000071e-09
	0.000000000000000e+00
	6.997634629903134e-01

 1749	1.733500000000071e-09
	0.000000000000000e+00
	6.997634629903134e-01

 1750	1.734500000000071e-09
	0.000000000000000e+00
	6.997634629903134e-01

 1751	1.735500000000071e-09
	0.000000000000000e+00
	6.997634629903134e-01

 1752	1.736500000000071e-09
	0.000000000000000e+00
	6.997634629903134e-01

 1753	1.737500000000072e-09
	0.000000000000000e+00
	6.997634629903134e-01

 1754	1.738500000000072e-09
	0.000000000000000e+00
	6.997634629903134e-01

 1755	1.739500000000072e-09
	0.000000000000000e+00
	6.997634629903134e-01

 1756	1.740500000000072e-09
	0.000000000000000e+00
	6.997634629903134e-01

 1757	1.741500000000072e-09
	0.000000000000000e+00
	6.997634629903134e-01

 1758	1.742500000000072e-09
	0.000000000000000e+00
	6.997634629903134e-01

 1759	1.743500000000072e-09
	0.000000000000000e+00
	6.997634629903134e-01

 1760	1.744500000000072e-09
	0.000000000000000e+00
	6.997634629903134e-01

 1761	1.745500000000072e-09
	0.000000000000000e+00
	6.997634629903134e-01

 1762	1.746500000000072e-09
	0.000000000000000e+00
	6.997634629903134e-01

 1763	1.747500000000073e-09
	0.000000000000000e+00
	6.997634629903134e-01

 1764	1.748500000000073e-09
	0.000000000000000e+00
	6.997634629903134e-01

 1765	1.749500000000073e-09
	0.000000000000000e+00
	6.997634629903134e-01

 1766	1.750500000000073e-09
	0.000000000000000e+00
	6.997634629903134e-01

 1767	1.751500000000073e-09
	0.000000000000000e+00
	6.997634629903134e-01

 1768	1.752500000000073e-09
	0.000000000000000e+00
	6.997634629903134e-01

 1769	1.753500000000073e-09
	0.000000000000000e+00
	6.997634629903134e-01

 1770	1.754500000000073e-09
	0.000000000000000e+00
	6.997634629903134e-01

 1771	1.755500000000073e-09
	0.000000000000000e+00
	6.997634629903134e-01

 1772	1.756500000000073e-09
	0.000000000000000e+00
	6.997634629903134e-01

 1773	1.757500000000074e-09
	0.000000000000000e+00
	6.997634629903134e-01

 1774	1.758500000000074e-09
	0.000000000000000e+00
	6.997634629903134e-01

 1775	1.759500000000074e-09
	0.000000000000000e+00
	6.997634629903134e-01

 1776	1.760500000000074e-09
	0.000000000000000e+00
	6.997634629903134e-01

 1777	1.761500000000074e-09
	0.000000000000000e+00
	6.997634629903134e-01

 1778	1.762500000000074e-09
	0.000000000000000e+00
	6.997634629903134e-01

 1779	1.763500000000074e-09
	0.000000000000000e+00
	6.997634629903134e-01

 1780	1.764500000000074e-09
	0.000000000000000e+00
	6.997634629903134e-01

 1781	1.765500000000074e-09
	0.000000000000000e+00
	6.997634629903134e-01

 1782	1.766500000000074e-09
	0.000000000000000e+00
	6.997634629903134e-01

 1783	1.767500000000075e-09
	0.000000000000000e+00
	6.997634629903134e-01

 1784	1.768500000000075e-09
	0.000000000000000e+00
	6.997634629903134e-01

 1785	1.769500000000075e-09
	0.000000000000000e+00
	6.997634629903134e-01

 1786	1.770500000000075e-09
	0.000000000000000e+00
	6.997634629903134e-01

 1787	1.771500000000075e-09
	0.000000000000000e+00
	6.997634629903134e-01

 1788	1.772500000000075e-09
	0.000000000000000e+00
	6.997634629903134e-01

 1789	1.773500000000075e-09
	0.000000000000000e+00
	6.997634629903134e-01

 1790	1.774500000000075e-09
	0.000000000000000e+00
	6.997634629903134e-01

 1791	1.775500000000075e-09
	0.000000000000000e+00
	6.997634629903134e-01

 1792	1.776500000000075e-09
	0.000000000000000e+00
	6.997634629903134e-01

 1793	1.777500000000076e-09
	0.000000000000000e+00
	6.997634629903134e-01

 1794	1.778500000000076e-09
	0.000000000000000e+00
	6.997634629903134e-01

 1795	1.779500000000076e-09
	0.000000000000000e+00
	6.997634629903134e-01

 1796	1.780500000000076e-09
	0.000000000000000e+00
	6.997634629903134e-01

 1797	1.781500000000076e-09
	0.000000000000000e+00
	6.997634629903134e-01

 1798	1.782500000000076e-09
	0.000000000000000e+00
	6.997634629903134e-01

 1799	1.783500000000076e-09
	0.000000000000000e+00
	6.997634629903134e-01

 1800	1.784500000000076e-09
	0.000000000000000e+00
	6.997634629903134e-01

 1801	1.785500000000076e-09
	0.000000000000000e+00
	6.997634629903134e-01

 1802	1.786500000000076e-09
	0.000000000000000e+00
	6.997634629903134e-01

 1803	1.787500000000077e-09
	0.000000000000000e+00
	6.997634629903134e-01

 1804	1.788500000000077e-09
	0.000000000000000e+00
	6.997634629903134e-01

 1805	1.789500000000077e-09
	0.000000000000000e+00
	6.997634629903134e-01

 1806	1.790500000000077e-09
	0.000000000000000e+00
	6.997634629903134e-01

 1807	1.791500000000077e-09
	0.000000000000000e+00
	6.997634629903134e-01

 1808	1.792500000000077e-09
	0.000000000000000e+00
	6.997634629903134e-01

 1809	1.793500000000077e-09
	0.000000000000000e+00
	6.997634629903134e-01

 1810	1.794500000000077e-09
	0.000000000000000e+00
	6.997634629903134e-01

 1811	1.795500000000077e-09
	0.000000000000000e+00
	6.997634629903134e-01

 1812	1.796500000000077e-09
	0.000000000000000e+00
	6.997634629903134e-01

 1813	1.797500000000078e-09
	0.000000000000000e+00
	6.997634629903134e-01

 1814	1.798500000000078e-09
	0.000000000000000e+00
	6.997634629903134e-01

 1815	1.799500000000078e-09
	0.000000000000000e+00
	6.997634629903134e-01

 1816	1.800500000000078e-09
	0.000000000000000e+00
	6.997634629903134e-01

 1817	1.801500000000078e-09
	0.000000000000000e+00
	6.997634629903134e-01

 1818	1.802500000000078e-09
	0.000000000000000e+00
	6.997634629903134e-01

 1819	1.803500000000078e-09
	0.000000000000000e+00
	6.997634629903134e-01

 1820	1.804500000000078e-09
	0.000000000000000e+00
	6.997634629903134e-01

 1821	1.805500000000078e-09
	0.000000000000000e+00
	6.997634629903134e-01

 1822	1.806500000000078e-09
	0.000000000000000e+00
	6.997634629903134e-01

 1823	1.807500000000079e-09
	0.000000000000000e+00
	6.997634629903134e-01

 1824	1.808500000000079e-09
	0.000000000000000e+00
	6.997634629903134e-01

 1825	1.809500000000079e-09
	0.000000000000000e+00
	6.997634629903134e-01

 1826	1.810500000000079e-09
	0.000000000000000e+00
	6.997634629903134e-01

 1827	1.811500000000079e-09
	0.000000000000000e+00
	6.997634629903134e-01

 1828	1.812500000000079e-09
	0.000000000000000e+00
	6.997634629903134e-01

 1829	1.813500000000079e-09
	0.000000000000000e+00
	6.997634629903134e-01

 1830	1.814500000000079e-09
	0.000000000000000e+00
	6.997634629903134e-01

 1831	1.815500000000079e-09
	0.000000000000000e+00
	6.997634629903134e-01

 1832	1.816500000000079e-09
	0.000000000000000e+00
	6.997634629903134e-01

 1833	1.817500000000080e-09
	0.000000000000000e+00
	6.997634629903134e-01

 1834	1.818500000000080e-09
	0.000000000000000e+00
	6.997634629903134e-01

 1835	1.819500000000080e-09
	0.000000000000000e+00
	6.997634629903134e-01

 1836	1.820500000000080e-09
	0.000000000000000e+00
	6.997634629903134e-01

 1837	1.821500000000080e-09
	0.000000000000000e+00
	6.997634629903134e-01

 1838	1.822500000000080e-09
	0.000000000000000e+00
	6.997634629903134e-01

 1839	1.823500000000080e-09
	0.000000000000000e+00
	6.997634629903134e-01

 1840	1.824500000000080e-09
	0.000000000000000e+00
	6.997634629903134e-01

 1841	1.825500000000080e-09
	0.000000000000000e+00
	6.997634629903134e-01

 1842	1.826500000000080e-09
	0.000000000000000e+00
	6.997634629903134e-01

 1843	1.827500000000081e-09
	0.000000000000000e+00
	6.997634629903134e-01

 1844	1.828500000000081e-09
	0.000000000000000e+00
	6.997634629903134e-01

 1845	1.829500000000081e-09
	0.000000000000000e+00
	6.997634629903134e-01

 1846	1.830500000000081e-09
	0.000000000000000e+00
	6.997634629903134e-01

 1847	1.831500000000081e-09
	0.000000000000000e+00
	6.997634629903134e-01

 1848	1.832500000000081e-09
	0.000000000000000e+00
	6.997634629903134e-01

 1849	1.833500000000081e-09
	0.000000000000000e+00
	6.997634629903134e-01

 1850	1.834500000000081e-09
	0.000000000000000e+00
	6.997634629903134e-01

 1851	1.835500000000081e-09
	0.000000000000000e+00
	6.997634629903134e-01

 1852	1.836500000000081e-09
	0.000000000000000e+00
	6.997634629903134e-01

 1853	1.837500000000082e-09
	0.000000000000000e+00
	6.997634629903134e-01

 1854	1.838500000000082e-09
	0.000000000000000e+00
	6.997634629903134e-01

 1855	1.839500000000082e-09
	0.000000000000000e+00
	6.997634629903134e-01

 1856	1.840500000000082e-09
	0.000000000000000e+00
	6.997634629903134e-01

 1857	1.841500000000082e-09
	0.000000000000000e+00
	6.997634629903134e-01

 1858	1.842500000000082e-09
	0.000000000000000e+00
	6.997634629903134e-01

 1859	1.843500000000082e-09
	0.000000000000000e+00
	6.997634629903134e-01

 1860	1.844500000000082e-09
	0.000000000000000e+00
	6.997634629903134e-01

 1861	1.845500000000082e-09
	0.000000000000000e+00
	6.997634629903134e-01

 1862	1.846500000000082e-09
	0.000000000000000e+00
	6.997634629903134e-01

 1863	1.847500000000083e-09
	0.000000000000000e+00
	6.997634629903134e-01

 1864	1.848500000000083e-09
	0.000000000000000e+00
	6.997634629903134e-01

 1865	1.849500000000083e-09
	0.000000000000000e+00
	6.997634629903134e-01

 1866	1.850500000000083e-09
	0.000000000000000e+00
	6.997634629903134e-01

 1867	1.851500000000083e-09
	0.000000000000000e+00
	6.997634629903134e-01

 1868	1.852500000000083e-09
	0.000000000000000e+00
	6.997634629903134e-01

 1869	1.853500000000083e-09
	0.000000000000000e+00
	6.997634629903134e-01

 1870	1.854500000000083e-09
	0.000000000000000e+00
	6.997634629903134e-01

 1871	1.855500000000083e-09
	0.000000000000000e+00
	6.997634629903134e-01

 1872	1.856500000000083e-09
	0.000000000000000e+00
	6.997634629903134e-01

 1873	1.857500000000084e-09
	0.000000000000000e+00
	6.997634629903134e-01

 1874	1.858500000000084e-09
	0.000000000000000e+00
	6.997634629903134e-01

 1875	1.859500000000084e-09
	0.000000000000000e+00
	6.997634629903134e-01

 1876	1.860500000000084e-09
	0.000000000000000e+00
	6.997634629903134e-01

 1877	1.861500000000084e-09
	0.000000000000000e+00
	6.997634629903134e-01

 1878	1.862500000000084e-09
	0.000000000000000e+00
	6.997634629903134e-01

 1879	1.863500000000084e-09
	0.000000000000000e+00
	6.997634629903134e-01

 1880	1.864500000000084e-09
	0.000000000000000e+00
	6.997634629903134e-01

 1881	1.865500000000084e-09
	0.000000000000000e+00
	6.997634629903134e-01

 1882	1.866500000000084e-09
	0.000000000000000e+00
	6.997634629903134e-01

 1883	1.867500000000084e-09
	0.000000000000000e+00
	6.997634629903134e-01

 1884	1.868500000000083e-09
	0.000000000000000e+00
	6.997634629903134e-01

 1885	1.869500000000083e-09
	0.000000000000000e+00
	6.997634629903134e-01

 1886	1.870500000000083e-09
	0.000000000000000e+00
	6.997634629903134e-01

 1887	1.871500000000083e-09
	0.000000000000000e+00
	6.997634629903134e-01

 1888	1.872500000000083e-09
	0.000000000000000e+00
	6.997634629903134e-01

 1889	1.873500000000083e-09
	0.000000000000000e+00
	6.997634629903134e-01

 1890	1.874500000000083e-09
	0.000000000000000e+00
	6.997634629903134e-01

 1891	1.875500000000083e-09
	0.000000000000000e+00
	6.997634629903134e-01

 1892	1.876500000000083e-09
	0.000000000000000e+00
	6.997634629903134e-01

 1893	1.877500000000082e-09
	0.000000000000000e+00
	6.997634629903134e-01

 1894	1.878500000000082e-09
	0.000000000000000e+00
	6.997634629903134e-01

 1895	1.879500000000082e-09
	0.000000000000000e+00
	6.997634629903134e-01

 1896	1.880500000000082e-09
	0.000000000000000e+00
	6.997634629903134e-01

 1897	1.881500000000082e-09
	0.000000000000000e+00
	6.997634629903134e-01

 1898	1.882500000000082e-09
	0.000000000000000e+00
	6.997634629903134e-01

 1899	1.883500000000082e-09
	0.000000000000000e+00
	6.997634629903134e-01

 1900	1.884500000000082e-09
	0.000000000000000e+00
	6.997634629903134e-01

 1901	1.885500000000082e-09
	0.000000000000000e+00
	6.997634629903134e-01

 1902	1.886500000000082e-09
	0.000000000000000e+00
	6.997634629903134e-01

 1903	1.887500000000081e-09
	0.000000000000000e+00
	6.997634629903134e-01

 1904	1.888500000000081e-09
	0.000000000000000e+00
	6.997634629903134e-01

 1905	1.889500000000081e-09
	0.000000000000000e+00
	6.997634629903134e-01

 1906	1.890500000000081e-09
	0.000000000000000e+00
	6.997634629903134e-01

 1907	1.891500000000081e-09
	0.000000000000000e+00
	6.997634629903134e-01

 1908	1.892500000000081e-09
	0.000000000000000e+00
	6.997634629903134e-01

 1909	1.893500000000081e-09
	0.000000000000000e+00
	6.997634629903134e-01

 1910	1.894500000000081e-09
	0.000000000000000e+00
	6.997634629903134e-01

 1911	1.895500000000081e-09
	0.000000000000000e+00
	6.997634629903134e-01

 1912	1.896500000000080e-09
	0.000000000000000e+00
	6.997634629903134e-01

 1913	1.897500000000080e-09
	0.000000000000000e+00
	6.997634629903134e-01

 1914	1.898500000000080e-09
	0.000000000000000e+00
	6.997634629903134e-01

 1915	1.899500000000080e-09
	0.000000000000000e+00
	6.997634629903134e-01

 1916	1.900500000000080e-09
	0.000000000000000e+00
	6.997634629903134e-01

 1917	1.901500000000080e-09
	0.000000000000000e+00
	6.997634629903134e-01

 1918	1.902500000000080e-09
	0.000000000000000e+00
	6.997634629903134e-01

 1919	1.903500000000080e-09
	0.000000000000000e+00
	6.997634629903134e-01

 1920	1.904500000000080e-09
	0.000000000000000e+00
	6.997634629903134e-01

 1921	1.905500000000079e-09
	0.000000000000000e+00
	6.997634629903134e-01

 1922	1.906500000000079e-09
	0.000000000000000e+00
	6.997634629903134e-01

 1923	1.907500000000079e-09
	0.000000000000000e+00
	6.997634629903134e-01

 1924	1.908500000000079e-09
	0.000000000000000e+00
	6.997634629903134e-01

 1925	1.909500000000079e-09
	0.000000000000000e+00
	6.997634629903134e-01

 1926	1.910500000000079e-09
	0.000000000000000e+00
	6.997634629903134e-01

 1927	1.911500000000079e-09
	0.000000000000000e+00
	6.997634629903134e-01

 1928	1.912500000000079e-09
	0.000000000000000e+00
	6.997634629903134e-01

 1929	1.913500000000079e-09
	0.000000000000000e+00
	6.997634629903134e-01

 1930	1.914500000000079e-09
	0.000000000000000e+00
	6.997634629903134e-01

 1931	1.915500000000078e-09
	0.000000000000000e+00
	6.997634629903134e-01

 1932	1.916500000000078e-09
	0.000000000000000e+00
	6.997634629903134e-01

 1933	1.917500000000078e-09
	0.000000000000000e+00
	6.997634629903134e-01

 1934	1.918500000000078e-09
	0.000000000000000e+00
	6.997634629903134e-01

 1935	1.919500000000078e-09
	0.000000000000000e+00
	6.997634629903134e-01

 1936	1.920500000000078e-09
	0.000000000000000e+00
	6.997634629903134e-01

 1937	1.921500000000078e-09
	0.000000000000000e+00
	6.997634629903134e-01

 1938	1.922500000000078e-09
	0.000000000000000e+00
	6.997634629903134e-01

 1939	1.923500000000078e-09
	0.000000000000000e+00
	6.997634629903134e-01

 1940	1.924500000000077e-09
	0.000000000000000e+00
	6.997634629903134e-01

 1941	1.925500000000077e-09
	0.000000000000000e+00
	6.997634629903134e-01

 1942	1.926500000000077e-09
	0.000000000000000e+00
	6.997634629903134e-01

 1943	1.927500000000077e-09
	0.000000000000000e+00
	6.997634629903134e-01

 1944	1.928500000000077e-09
	0.000000000000000e+00
	6.997634629903134e-01

 1945	1.929500000000077e-09
	0.000000000000000e+00
	6.997634629903134e-01

 1946	1.930500000000077e-09
	0.000000000000000e+00
	6.997634629903134e-01

 1947	1.931500000000077e-09
	0.000000000000000e+00
	6.997634629903134e-01

 1948	1.932500000000077e-09
	0.000000000000000e+00
	6.997634629903134e-01

 1949	1.933500000000077e-09
	0.000000000000000e+00
	6.997634629903134e-01

 1950	1.934500000000076e-09
	0.000000000000000e+00
	6.997634629903134e-01

 1951	1.935500000000076e-09
	0.000000000000000e+00
	6.997634629903134e-01

 1952	1.936500000000076e-09
	0.000000000000000e+00
	6.997634629903134e-01

 1953	1.937500000000076e-09
	0.000000000000000e+00
	6.997634629903134e-01

 1954	1.938500000000076e-09
	0.000000000000000e+00
	6.997634629903134e-01

 1955	1.939500000000076e-09
	0.000000000000000e+00
	6.997634629903134e-01

 1956	1.940500000000076e-09
	0.000000000000000e+00
	6.997634629903134e-01

 1957	1.941500000000076e-09
	0.000000000000000e+00
	6.997634629903134e-01

 1958	1.942500000000076e-09
	0.000000000000000e+00
	6.997634629903134e-01

 1959	1.943500000000075e-09
	0.000000000000000e+00
	6.997634629903134e-01

 1960	1.944500000000075e-09
	0.000000000000000e+00
	6.997634629903134e-01

 1961	1.945500000000075e-09
	0.000000000000000e+00
	6.997634629903134e-01

 1962	1.946500000000075e-09
	0.000000000000000e+00
	6.997634629903134e-01

 1963	1.947500000000075e-09
	0.000000000000000e+00
	6.997634629903134e-01

 1964	1.948500000000075e-09
	0.000000000000000e+00
	6.997634629903134e-01

 1965	1.949500000000075e-09
	0.000000000000000e+00
	6.997634629903134e-01

 1966	1.950500000000075e-09
	0.000000000000000e+00
	6.997634629903134e-01

 1967	1.951500000000075e-09
	0.000000000000000e+00
	6.997634629903134e-01

 1968	1.952500000000074e-09
	0.000000000000000e+00
	6.997634629903134e-01

 1969	1.953500000000074e-09
	0.000000000000000e+00
	6.997634629903134e-01

 1970	1.954500000000074e-09
	0.000000000000000e+00
	6.997634629903134e-01

 1971	1.955500000000074e-09
	0.000000000000000e+00
	6.997634629903134e-01

 1972	1.956500000000074e-09
	0.000000000000000e+00
	6.997634629903134e-01

 1973	1.957500000000074e-09
	0.000000000000000e+00
	6.997634629903134e-01

 1974	1.958500000000074e-09
	0.000000000000000e+00
	6.997634629903134e-01

 1975	1.959500000000074e-09
	0.000000000000000e+00
	6.997634629903134e-01

 1976	1.960500000000074e-09
	0.000000000000000e+00
	6.997634629903134e-01

 1977	1.961500000000074e-09
	0.000000000000000e+00
	6.997634629903134e-01

 1978	1.962500000000073e-09
	0.000000000000000e+00
	6.997634629903134e-01

 1979	1.963500000000073e-09
	0.000000000000000e+00
	6.997634629903134e-01

 1980	1.964500000000073e-09
	0.000000000000000e+00
	6.997634629903134e-01

 1981	1.965500000000073e-09
	0.000000000000000e+00
	6.997634629903134e-01

 1982	1.966500000000073e-09
	0.000000000000000e+00
	6.997634629903134e-01

 1983	1.967500000000073e-09
	0.000000000000000e+00
	6.997634629903134e-01

 1984	1.968500000000073e-09
	0.000000000000000e+00
	6.997634629903134e-01

 1985	1.969500000000073e-09
	0.000000000000000e+00
	6.997634629903134e-01

 1986	1.970500000000073e-09
	0.000000000000000e+00
	6.997634629903134e-01

 1987	1.971500000000072e-09
	0.000000000000000e+00
	6.997634629903134e-01

 1988	1.972500000000072e-09
	0.000000000000000e+00
	6.997634629903134e-01

 1989	1.973500000000072e-09
	0.000000000000000e+00
	6.997634629903134e-01

 1990	1.974500000000072e-09
	0.000000000000000e+00
	6.997634629903134e-01

 1991	1.975500000000072e-09
	0.000000000000000e+00
	6.997634629903134e-01

 1992	1.976500000000072e-09
	0.000000000000000e+00
	6.997634629903134e-01

 1993	1.977500000000072e-09
	0.000000000000000e+00
	6.997634629903134e-01

 1994	1.978500000000072e-09
	0.000000000000000e+00
	6.997634629903134e-01

 1995	1.979500000000072e-09
	0.000000000000000e+00
	6.997634629903134e-01

 1996	1.980500000000071e-09
	0.000000000000000e+00
	6.997634629903134e-01

 1997	1.981500000000071e-09
	0.000000000000000e+00
	6.997634629903134e-01

 1998	1.982500000000071e-09
	0.000000000000000e+00
	6.997634629903134e-01

 1999	1.983500000000071e-09
	0.000000000000000e+00
	6.997634629903134e-01

 2000	1.984500000000071e-09
	0.000000000000000e+00
	6.997634629903134e-01

 2001	1.985500000000071e-09
	0.000000000000000e+00
	6.997634629903134e-01

 2002	1.986500000000071e-09
	0.000000000000000e+00
	6.997634629903134e-01

 2003	1.987500000000071e-09
	0.000000000000000e+00
	6.997634629903134e-01

 2004	1.988500000000071e-09
	0.000000000000000e+00
	6.997634629903134e-01

 2005	1.989500000000071e-09
	0.000000000000000e+00
	6.997634629903134e-01

 2006	1.990500000000070e-09
	0.000000000000000e+00
	6.997634629903134e-01

 2007	1.991500000000070e-09
	0.000000000000000e+00
	6.997634629903134e-01

 2008	1.992500000000070e-09
	0.000000000000000e+00
	6.997634629903134e-01

 2009	1.993500000000070e-09
	0.000000000000000e+00
	6.997634629903134e-01

 2010	1.994500000000070e-09
	0.000000000000000e+00
	6.997634629903134e-01

 2011	1.995500000000070e-09
	0.000000000000000e+00
	6.997634629903134e-01

 2012	1.996500000000070e-09
	0.000000000000000e+00
	6.997634629903134e-01

 2013	1.997500000000070e-09
	0.000000000000000e+00
	6.997634629903134e-01

 2014	1.998500000000070e-09
	0.000000000000000e+00
	6.997634629903134e-01

 2015	1.999250000000035e-09
	0.000000000000000e+00
	6.997634629903134e-01

 2016	2.000000000000000e-09
	0.000000000000000e+00
	6.997634629903134e-01

 2017	2.000100000000000e-09
	7.000000000002148e-03
	7.004988931853908e-01

 2018	2.000300000000000e-09
	2.100000000000644e-02
	7.018772863245362e-01

 2019	2.000700000000000e-09
	4.900000000001504e-02
	7.041240118769557e-01

 2020	2.001500000000000e-09
	1.050000000000033e-01
	7.066521571641859e-01

 2021	2.002500000000000e-09
	1.749999999999958e-01
	7.044611646331969e-01

 2022	2.003500000000000e-09
	2.449999999999883e-01
	6.920939455767342e-01

 2023	2.004500000000000e-09
	3.149999999999809e-01
	6.647600675301388e-01

 2024	2.005500000000000e-09
	3.849999999999734e-01
	6.169740008144385e-01

 2025	2.006500000000000e-09
	4.549999999999659e-01
	5.383795829124272e-01

 2026	2.007500000000000e-09
	5.249999999999585e-01
	4.243340250525629e-01

 2027	2.008499999999999e-09
	5.949999999999510e-01
	2.899807411249061e-01

 2028	2.009250000000000e-09
	6.474999999999816e-01
	1.941390493083844e-01

 2029	2.010000000000000e-09
	7.000000000000001e-01
	1.187414116535419e-01

 2030	2.010100000000000e-09
	7.000000000000001e-01
	1.101226363399611e-01

 2031	2.010300000000000e-09
	7.000000000000001e-01
	9.397755296094037e-02

 2032	2.010700000000001e-09
	7.000000000000001e-01
	6.768165998541469e-02

 2033	2.011500000000000e-09
	7.000000000000001e-01
	3.363910346542013e-02

 2034	2.012500000000000e-09
	7.000000000000001e-01
	1.340600692045094e-02

 2035	2.013500000000000e-09
	7.000000000000001e-01
	5.391398942361251e-03

 2036	2.014500000000000e-09
	7.000000000000001e-01
	2.279210012266184e-03

 2037	2.015500000000000e-09
	7.000000000000001e-01
	1.075902458410890e-03

 2038	2.016500000000000e-09
	7.000000000000001e-01
	6.112018012839805e-04

 2039	2.017500000000000e-09
	7.000000000000001e-01
	4.319518490442951e-04

 2040	2.018500000000000e-09
	7.000000000000001e-01
	3.627847926128373e-04

 2041	2.019499999999999e-09
	7.000000000000001e-01
	3.360921211588485e-04

 2042	2.020499999999999e-09
	7.000000000000001e-01
	3.257905365691375e-04

 2043	2.021499999999999e-09
	7.000000000000001e-01
	3.218147477729583e-04

 2044	2.022499999999999e-09
	7.000000000000001e-01
	3.202803238311202e-04

 2045	2.023499999999999e-09
	7.000000000000001e-01
	3.196881236992099e-04

 2046	2.024499999999999e-09
	7.000000000000001e-01
	3.194595680043748e-04

 2047	2.025499999999999e-09
	7.000000000000001e-01
	3.193713584245172e-04

 2048	2.026499999999999e-09
	7.000000000000001e-01
	3.193373145075545e-04

 2049	2.027499999999999e-09
	7.000000000000001e-01
	3.193241754772101e-04

 2050	2.028499999999999e-09
	7.000000000000001e-01
	3.193191045530868e-04

 2051	2.029499999999998e-09
	7.000000000000001e-01
	3.193171474625292e-04

 2052	2.030499999999998e-09
	7.000000000000001e-01
	3.193163921359845e-04

 2053	2.031499999999998e-09
	7.000000000000001e-01
	3.193161006225729e-04

 2054	2.032499999999998e-09
	7.000000000000001e-01
	3.193159881148773e-04

 2055	2.033499999999998e-09
	7.000000000000001e-01
	3.193159446932493e-04

 2056	2.034499999999998e-09
	7.000000000000001e-01
	3.193159279349564e-04

 2057	2.035499999999998e-09
	7.000000000000001e-01
	3.193159214671524e-04

 2058	2.036499999999998e-09
	7.000000000000001e-01
	3.193159189709358e-04

 2059	2.037499999999998e-09
	7.000000000000001e-01
	3.193159180076261e-04

 2060	2.038499999999997e-09
	7.000000000000001e-01
	3.193159176358474e-04

 2061	2.039499999999997e-09
	7.000000000000001e-01
	3.193159174923655e-04

 2062	2.040499999999997e-09
	7.000000000000001e-01
	3.193159174369482e-04

 2063	2.041499999999997e-09
	7.000000000000001e-01
	3.193159174155546e-04

 2064	2.042499999999997e-09
	7.000000000000001e-01
	3.193159174072640e-04

 2065	2.043499999999997e-09
	7.000000000000001e-01
	3.193159174041149e-04

 2066	2.044499999999997e-09
	7.000000000000001e-01
	3.193159174028823e-04

 2067	2.045499999999997e-09
	7.000000000000001e-01
	3.193159174024179e-04

 2068	2.046499999999997e-09
	7.000000000000001e-01
	3.193159174022745e-04

 2069	2.047499999999996e-09
	7.000000000000001e-01
	3.193159174022069e-04

 2070	2.048499999999996e-09
	7.000000000000001e-01
	3.193159174021563e-04

 2071	2.049499999999996e-09
	7.000000000000001e-01
	3.193159174021224e-04

 2072	2.050499999999996e-09
	7.000000000000001e-01
	3.193159174020886e-04

 2073	2.051499999999996e-09
	7.000000000000001e-01
	3.193159174021139e-04

 2074	2.052499999999996e-09
	7.000000000000001e-01
	3.193159174021646e-04

 2075	2.053499999999996e-09
	7.000000000000001e-01
	3.193159174021562e-04

 2076	2.054499999999996e-09
	7.000000000000001e-01
	3.193159174021224e-04

 2077	2.055499999999996e-09
	7.000000000000001e-01
	3.193159174020886e-04

 2078	2.056499999999996e-09
	7.000000000000001e-01
	3.193159174021055e-04

 2079	2.057499999999995e-09
	7.000000000000001e-01
	3.193159174021562e-04

 2080	2.058499999999995e-09
	7.000000000000001e-01
	3.193159174021393e-04

 2081	2.059499999999995e-09
	7.000000000000001e-01
	3.193159174021055e-04

 2082	2.060499999999995e-09
	7.000000000000001e-01
	3.193159174021309e-04

 2083	2.061499999999995e-09
	7.000000000000001e-01
	3.193159174021309e-04

 2084	2.062499999999995e-09
	7.000000000000001e-01
	3.193159174020886e-04

 2085	2.063499999999995e-09
	7.000000000000001e-01
	3.193159174021139e-04

 2086	2.064499999999995e-09
	7.000000000000001e-01
	3.193159174021646e-04

 2087	2.065499999999995e-09
	7.000000000000001e-01
	3.193159174021562e-04

 2088	2.066499999999994e-09
	7.000000000000001e-01
	3.193159174021224e-04

 2089	2.067499999999994e-09
	7.000000000000001e-01
	3.193159174020886e-04

 2090	2.068499999999994e-09
	7.000000000000001e-01
	3.193159174021055e-04

 2091	2.069499999999994e-09
	7.000000000000001e-01
	3.193159174021562e-04

 2092	2.070499999999994e-09
	7.000000000000001e-01
	3.193159174021393e-04

 2093	2.071499999999994e-09
	7.000000000000001e-01
	3.193159174021055e-04

 2094	2.072499999999994e-09
	7.000000000000001e-01
	3.193159174021309e-04

 2095	2.073499999999994e-09
	7.000000000000001e-01
	3.193159174021309e-04

 2096	2.074499999999994e-09
	7.000000000000001e-01
	3.193159174020886e-04

 2097	2.075499999999994e-09
	7.000000000000001e-01
	3.193159174021139e-04

 2098	2.076499999999993e-09
	7.000000000000001e-01
	3.193159174021646e-04

 2099	2.077499999999993e-09
	7.000000000000001e-01
	3.193159174021562e-04

 2100	2.078499999999993e-09
	7.000000000000001e-01
	3.193159174021224e-04

 2101	2.079499999999993e-09
	7.000000000000001e-01
	3.193159174020886e-04

 2102	2.080499999999993e-09
	7.000000000000001e-01
	3.193159174021055e-04

 2103	2.081499999999993e-09
	7.000000000000001e-01
	3.193159174021562e-04

 2104	2.082499999999993e-09
	7.000000000000001e-01
	3.193159174021393e-04

 2105	2.083499999999993e-09
	7.000000000000001e-01
	3.193159174021055e-04

 2106	2.084499999999993e-09
	7.000000000000001e-01
	3.193159174021309e-04

 2107	2.085499999999992e-09
	7.000000000000001e-01
	3.193159174021309e-04

 2108	2.086499999999992e-09
	7.000000000000001e-01
	3.193159174020886e-04

 2109	2.087499999999992e-09
	7.000000000000001e-01
	3.193159174021139e-04

 2110	2.088499999999992e-09
	7.000000000000001e-01
	3.193159174021646e-04

 2111	2.089499999999992e-09
	7.000000000000001e-01
	3.193159174021562e-04

 2112	2.090499999999992e-09
	7.000000000000001e-01
	3.193159174021224e-04

 2113	2.091499999999992e-09
	7.000000000000001e-01
	3.193159174020886e-04

 2114	2.092499999999992e-09
	7.000000000000001e-01
	3.193159174021055e-04

 2115	2.093499999999992e-09
	7.000000000000001e-01
	3.193159174021562e-04

 2116	2.094499999999991e-09
	7.000000000000001e-01
	3.193159174021393e-04

 2117	2.095499999999991e-09
	7.000000000000001e-01
	3.193159174021055e-04

 2118	2.096499999999991e-09
	7.000000000000001e-01
	3.193159174021309e-04

 2119	2.097499999999991e-09
	7.000000000000001e-01
	3.193159174021309e-04

 2120	2.098499999999991e-09
	7.000000000000001e-01
	3.193159174020886e-04

 2121	2.099499999999991e-09
	7.000000000000001e-01
	3.193159174021139e-04

 2122	2.100499999999991e-09
	7.000000000000001e-01
	3.193159174021646e-04

 2123	2.101499999999991e-09
	7.000000000000001e-01
	3.193159174021562e-04

 2124	2.102499999999991e-09
	7.000000000000001e-01
	3.193159174021224e-04

 2125	2.103499999999991e-09
	7.000000000000001e-01
	3.193159174020886e-04

 2126	2.104499999999990e-09
	7.000000000000001e-01
	3.193159174021055e-04

 2127	2.105499999999990e-09
	7.000000000000001e-01
	3.193159174021562e-04

 2128	2.106499999999990e-09
	7.000000000000001e-01
	3.193159174021393e-04

 2129	2.107499999999990e-09
	7.000000000000001e-01
	3.193159174021055e-04

 2130	2.108499999999990e-09
	7.000000000000001e-01
	3.193159174021309e-04

 2131	2.109499999999990e-09
	7.000000000000001e-01
	3.193159174021309e-04

 2132	2.110499999999990e-09
	7.000000000000001e-01
	3.193159174020886e-04

 2133	2.111499999999990e-09
	7.000000000000001e-01
	3.193159174021139e-04

 2134	2.112499999999990e-09
	7.000000000000001e-01
	3.193159174021646e-04

 2135	2.113499999999989e-09
	7.000000000000001e-01
	3.193159174021562e-04

 2136	2.114499999999989e-09
	7.000000000000001e-01
	3.193159174021224e-04

 2137	2.115499999999989e-09
	7.000000000000001e-01
	3.193159174020886e-04

 2138	2.116499999999989e-09
	7.000000000000001e-01
	3.193159174021055e-04

 2139	2.117499999999989e-09
	7.000000000000001e-01
	3.193159174021562e-04

 2140	2.118499999999989e-09
	7.000000000000001e-01
	3.193159174021393e-04

 2141	2.119499999999989e-09
	7.000000000000001e-01
	3.193159174021055e-04

 2142	2.120499999999989e-09
	7.000000000000001e-01
	3.193159174021309e-04

 2143	2.121499999999989e-09
	7.000000000000001e-01
	3.193159174021309e-04

 2144	2.122499999999988e-09
	7.000000000000001e-01
	3.193159174020886e-04

 2145	2.123499999999988e-09
	7.000000000000001e-01
	3.193159174021139e-04

 2146	2.124499999999988e-09
	7.000000000000001e-01
	3.193159174021562e-04

 2147	2.125499999999988e-09
	7.000000000000001e-01
	3.193159174021393e-04

 2148	2.126499999999988e-09
	7.000000000000001e-01
	3.193159174021055e-04

 2149	2.127499999999988e-09
	7.000000000000001e-01
	3.193159174021309e-04

 2150	2.128499999999988e-09
	7.000000000000001e-01
	3.193159174021309e-04

 2151	2.129499999999988e-09
	7.000000000000001e-01
	3.193159174020886e-04

 2152	2.130499999999988e-09
	7.000000000000001e-01
	3.193159174021224e-04

 2153	2.131499999999988e-09
	7.000000000000001e-01
	3.193159174021224e-04

 2154	2.132499999999987e-09
	7.000000000000001e-01
	3.193159174020718e-04

 2155	2.133499999999987e-09
	7.000000000000001e-01
	3.193159174020971e-04

 2156	2.134499999999987e-09
	7.000000000000001e-01
	3.193159174021477e-04

 2157	2.135499999999987e-09
	7.000000000000001e-01
	3.193159174021393e-04

 2158	2.136499999999987e-09
	7.000000000000001e-01
	3.193159174021055e-04

 2159	2.137499999999987e-09
	7.000000000000001e-01
	3.193159174021309e-04

 2160	2.138499999999987e-09
	7.000000000000001e-01
	3.193159174021309e-04

 2161	2.139499999999987e-09
	7.000000000000001e-01
	3.193159174020886e-04

 2162	2.140499999999987e-09
	7.000000000000001e-01
	3.193159174021224e-04

 2163	2.141499999999986e-09
	7.000000000000001e-01
	3.193159174021224e-04

 2164	2.142499999999986e-09
	7.000000000000001e-01
	3.193159174020718e-04

 2165	2.143499999999986e-09
	7.000000000000001e-01
	3.193159174020971e-04

 2166	2.144499999999986e-09
	7.000000000000001e-01
	3.193159174021477e-04

 2167	2.145499999999986e-09
	7.000000000000001e-01
	3.193159174021393e-04

 2168	2.146499999999986e-09
	7.000000000000001e-01
	3.193159174021055e-04

 2169	2.147499999999986e-09
	7.000000000000001e-01
	3.193159174021309e-04

 2170	2.148499999999986e-09
	7.000000000000001e-01
	3.193159174021309e-04

 2171	2.149499999999986e-09
	7.000000000000001e-01
	3.193159174020886e-04

 2172	2.150499999999985e-09
	7.000000000000001e-01
	3.193159174021224e-04

 2173	2.151499999999985e-09
	7.000000000000001e-01
	3.193159174021224e-04

 2174	2.152499999999985e-09
	7.000000000000001e-01
	3.193159174020718e-04

 2175	2.153499999999985e-09
	7.000000000000001e-01
	3.193159174020971e-04

 2176	2.154499999999985e-09
	7.000000000000001e-01
	3.193159174021477e-04

 2177	2.155499999999985e-09
	7.000000000000001e-01
	3.193159174021393e-04

 2178	2.156499999999985e-09
	7.000000000000001e-01
	3.193159174021055e-04

 2179	2.157499999999985e-09
	7.000000000000001e-01
	3.193159174021309e-04

 2180	2.158499999999985e-09
	7.000000000000001e-01
	3.193159174021309e-04

 2181	2.159499999999985e-09
	7.000000000000001e-01
	3.193159174020886e-04

 2182	2.160499999999984e-09
	7.000000000000001e-01
	3.193159174021224e-04

 2183	2.161499999999984e-09
	7.000000000000001e-01
	3.193159174021224e-04

 2184	2.162499999999984e-09
	7.000000000000001e-01
	3.193159174020718e-04

 2185	2.163499999999984e-09
	7.000000000000001e-01
	3.193159174020971e-04

 2186	2.164499999999984e-09
	7.000000000000001e-01
	3.193159174021477e-04

 2187	2.165499999999984e-09
	7.000000000000001e-01
	3.193159174021393e-04

 2188	2.166499999999984e-09
	7.000000000000001e-01
	3.193159174021055e-04

 2189	2.167499999999984e-09
	7.000000000000001e-01
	3.193159174021309e-04

 2190	2.168499999999984e-09
	7.000000000000001e-01
	3.193159174021309e-04

 2191	2.169499999999983e-09
	7.000000000000001e-01
	3.193159174020886e-04

 2192	2.170499999999983e-09
	7.000000000000001e-01
	3.193159174021224e-04

 2193	2.171499999999983e-09
	7.000000000000001e-01
	3.193159174021224e-04

 2194	2.172499999999983e-09
	7.000000000000001e-01
	3.193159174020718e-04

 2195	2.173499999999983e-09
	7.000000000000001e-01
	3.193159174020971e-04

 2196	2.174499999999983e-09
	7.000000000000001e-01
	3.193159174021477e-04

 2197	2.175499999999983e-09
	7.000000000000001e-01
	3.193159174021393e-04

 2198	2.176499999999983e-09
	7.000000000000001e-01
	3.193159174021055e-04

 2199	2.177499999999983e-09
	7.000000000000001e-01
	3.193159174021309e-04

 2200	2.178499999999982e-09
	7.000000000000001e-01
	3.193159174021309e-04

 2201	2.179499999999982e-09
	7.000000000000001e-01
	3.193159174020886e-04

 2202	2.180499999999982e-09
	7.000000000000001e-01
	3.193159174021224e-04

 2203	2.181499999999982e-09
	7.000000000000001e-01
	3.193159174021224e-04

 2204	2.182499999999982e-09
	7.000000000000001e-01
	3.193159174020718e-04

 2205	2.183499999999982e-09
	7.000000000000001e-01
	3.193159174020971e-04

 2206	2.184499999999982e-09
	7.000000000000001e-01
	3.193159174021477e-04

 2207	2.185499999999982e-09
	7.000000000000001e-01
	3.193159174021393e-04

 2208	2.186499999999982e-09
	7.000000000000001e-01
	3.193159174021055e-04

 2209	2.187499999999982e-09
	7.000000000000001e-01
	3.193159174021309e-04

 2210	2.188499999999981e-09
	7.000000000000001e-01
	3.193159174021309e-04

 2211	2.189499999999981e-09
	7.000000000000001e-01
	3.193159174020886e-04

 2212	2.190499999999981e-09
	7.000000000000001e-01
	3.193159174021224e-04

 2213	2.191499999999981e-09
	7.000000000000001e-01
	3.193159174021224e-04

 2214	2.192499999999981e-09
	7.000000000000001e-01
	3.193159174020718e-04

 2215	2.193499999999981e-09
	7.000000000000001e-01
	3.193159174020971e-04

 2216	2.194499999999981e-09
	7.000000000000001e-01
	3.193159174021477e-04

 2217	2.195499999999981e-09
	7.000000000000001e-01
	3.193159174021393e-04

 2218	2.196499999999981e-09
	7.000000000000001e-01
	3.193159174021055e-04

 2219	2.197499999999980e-09
	7.000000000000001e-01
	3.193159174021309e-04

 2220	2.198499999999980e-09
	7.000000000000001e-01
	3.193159174021309e-04

 2221	2.199499999999980e-09
	7.000000000000001e-01
	3.193159174020886e-04

 2222	2.200499999999980e-09
	7.000000000000001e-01
	3.193159174021224e-04

 2223	2.201499999999980e-09
	7.000000000000001e-01
	3.193159174021224e-04

 2224	2.202499999999980e-09
	7.000000000000001e-01
	3.193159174020718e-04

 2225	2.203499999999980e-09
	7.000000000000001e-01
	3.193159174020971e-04

 2226	2.204499999999980e-09
	7.000000000000001e-01
	3.193159174021477e-04

 2227	2.205499999999980e-09
	7.000000000000001e-01
	3.193159174021393e-04

 2228	2.206499999999980e-09
	7.000000000000001e-01
	3.193159174021055e-04

 2229	2.207499999999979e-09
	7.000000000000001e-01
	3.193159174021309e-04

 2230	2.208499999999979e-09
	7.000000000000001e-01
	3.193159174021309e-04

 2231	2.209499999999979e-09
	7.000000000000001e-01
	3.193159174020886e-04

 2232	2.210499999999979e-09
	7.000000000000001e-01
	3.193159174021224e-04

 2233	2.211499999999979e-09
	7.000000000000001e-01
	3.193159174021224e-04

 2234	2.212499999999979e-09
	7.000000000000001e-01
	3.193159174020718e-04

 2235	2.213499999999979e-09
	7.000000000000001e-01
	3.193159174020971e-04

 2236	2.214499999999979e-09
	7.000000000000001e-01
	3.193159174021477e-04

 2237	2.215499999999979e-09
	7.000000000000001e-01
	3.193159174021393e-04

 2238	2.216499999999978e-09
	7.000000000000001e-01
	3.193159174021055e-04

 2239	2.217499999999978e-09
	7.000000000000001e-01
	3.193159174021309e-04

 2240	2.218499999999978e-09
	7.000000000000001e-01
	3.193159174021309e-04

 2241	2.219499999999978e-09
	7.000000000000001e-01
	3.193159174020886e-04

 2242	2.220499999999978e-09
	7.000000000000001e-01
	3.193159174021224e-04

 2243	2.221499999999978e-09
	7.000000000000001e-01
	3.193159174021224e-04

 2244	2.222499999999978e-09
	7.000000000000001e-01
	3.193159174020718e-04

 2245	2.223499999999978e-09
	7.000000000000001e-01
	3.193159174020971e-04

 2246	2.224499999999978e-09
	7.000000000000001e-01
	3.193159174021477e-04

 2247	2.225499999999977e-09
	7.000000000000001e-01
	3.193159174021393e-04

 2248	2.226499999999977e-09
	7.000000000000001e-01
	3.193159174021055e-04

 2249	2.227499999999977e-09
	7.000000000000001e-01
	3.193159174021309e-04

 2250	2.228499999999977e-09
	7.000000000000001e-01
	3.193159174021309e-04

 2251	2.229499999999977e-09
	7.000000000000001e-01
	3.193159174020886e-04

 2252	2.230499999999977e-09
	7.000000000000001e-01
	3.193159174021224e-04

 2253	2.231499999999977e-09
	7.000000000000001e-01
	3.193159174021224e-04

 2254	2.232499999999977e-09
	7.000000000000001e-01
	3.193159174020718e-04

 2255	2.233499999999977e-09
	7.000000000000001e-01
	3.193159174020971e-04

 2256	2.234499999999977e-09
	7.000000000000001e-01
	3.193159174021477e-04

 2257	2.235499999999976e-09
	7.000000000000001e-01
	3.193159174021393e-04

 2258	2.236499999999976e-09
	7.000000000000001e-01
	3.193159174021055e-04

 2259	2.237499999999976e-09
	7.000000000000001e-01
	3.193159174021309e-04

 2260	2.238499999999976e-09
	7.000000000000001e-01
	3.193159174021309e-04

 2261	2.239499999999976e-09
	7.000000000000001e-01
	3.193159174020886e-04

 2262	2.240499999999976e-09
	7.000000000000001e-01
	3.193159174021224e-04

 2263	2.241499999999976e-09
	7.000000000000001e-01
	3.193159174021224e-04

 2264	2.242499999999976e-09
	7.000000000000001e-01
	3.193159174020718e-04

 2265	2.243499999999976e-09
	7.000000000000001e-01
	3.193159174020971e-04

 2266	2.244499999999975e-09
	7.000000000000001e-01
	3.193159174021477e-04

 2267	2.245499999999975e-09
	7.000000000000001e-01
	3.193159174021393e-04

 2268	2.246499999999975e-09
	7.000000000000001e-01
	3.193159174021055e-04

 2269	2.247499999999975e-09
	7.000000000000001e-01
	3.193159174021309e-04

 2270	2.248499999999975e-09
	7.000000000000001e-01
	3.193159174021309e-04

 2271	2.249499999999975e-09
	7.000000000000001e-01
	3.193159174020886e-04

 2272	2.250499999999975e-09
	7.000000000000001e-01
	3.193159174021224e-04

 2273	2.251499999999975e-09
	7.000000000000001e-01
	3.193159174021224e-04

 2274	2.252499999999975e-09
	7.000000000000001e-01
	3.193159174020718e-04

 2275	2.253499999999974e-09
	7.000000000000001e-01
	3.193159174020971e-04

 2276	2.254499999999974e-09
	7.000000000000001e-01
	3.193159174021477e-04

 2277	2.255499999999974e-09
	7.000000000000001e-01
	3.193159174021393e-04

 2278	2.256499999999974e-09
	7.000000000000001e-01
	3.193159174021055e-04

 2279	2.257499999999974e-09
	7.000000000000001e-01
	3.193159174021309e-04

 2280	2.258499999999974e-09
	7.000000000000001e-01
	3.193159174021309e-04

 2281	2.259499999999974e-09
	7.000000000000001e-01
	3.193159174020886e-04

 2282	2.260499999999974e-09
	7.000000000000001e-01
	3.193159174021139e-04

 2283	2.261499999999974e-09
	7.000000000000001e-01
	3.193159174021562e-04

 2284	2.262499999999974e-09
	7.000000000000001e-01
	3.193159174021393e-04

 2285	2.263499999999973e-09
	7.000000000000001e-01
	3.193159174021055e-04

 2286	2.264499999999973e-09
	7.000000000000001e-01
	3.193159174021309e-04

 2287	2.265499999999973e-09
	7.000000000000001e-01
	3.193159174021309e-04

 2288	2.266499999999973e-09
	7.000000000000001e-01
	3.193159174020886e-04

 2289	2.267499999999973e-09
	7.000000000000001e-01
	3.193159174021139e-04

 2290	2.268499999999973e-09
	7.000000000000001e-01
	3.193159174021562e-04

 2291	2.269499999999973e-09
	7.000000000000001e-01
	3.193159174021393e-04

 2292	2.270499999999973e-09
	7.000000000000001e-01
	3.193159174021055e-04

 2293	2.271499999999973e-09
	7.000000000000001e-01
	3.193159174021309e-04

 2294	2.272499999999972e-09
	7.000000000000001e-01
	3.193159174021309e-04

 2295	2.273499999999972e-09
	7.000000000000001e-01
	3.193159174020886e-04

 2296	2.274499999999972e-09
	7.000000000000001e-01
	3.193159174021139e-04

 2297	2.275499999999972e-09
	7.000000000000001e-01
	3.193159174021562e-04

 2298	2.276499999999972e-09
	7.000000000000001e-01
	3.193159174021393e-04

 2299	2.277499999999972e-09
	7.000000000000001e-01
	3.193159174021055e-04

 2300	2.278499999999972e-09
	7.000000000000001e-01
	3.193159174021309e-04

 2301	2.279499999999972e-09
	7.000000000000001e-01
	3.193159174021309e-04

 2302	2.280499999999972e-09
	7.000000000000001e-01
	3.193159174020886e-04

 2303	2.281499999999971e-09
	7.000000000000001e-01
	3.193159174021139e-04

 2304	2.282499999999971e-09
	7.000000000000001e-01
	3.193159174021562e-04

 2305	2.283499999999971e-09
	7.000000000000001e-01
	3.193159174021393e-04

 2306	2.284499999999971e-09
	7.000000000000001e-01
	3.193159174021055e-04

 2307	2.285499999999971e-09
	7.000000000000001e-01
	3.193159174021309e-04

 2308	2.286499999999971e-09
	7.000000000000001e-01
	3.193159174021309e-04

 2309	2.287499999999971e-09
	7.000000000000001e-01
	3.193159174020886e-04

 2310	2.288499999999971e-09
	7.000000000000001e-01
	3.193159174021139e-04

 2311	2.289499999999971e-09
	7.000000000000001e-01
	3.193159174021562e-04

 2312	2.290499999999971e-09
	7.000000000000001e-01
	3.193159174021393e-04

 2313	2.291499999999970e-09
	7.000000000000001e-01
	3.193159174021055e-04

 2314	2.292499999999970e-09
	7.000000000000001e-01
	3.193159174021309e-04

 2315	2.293499999999970e-09
	7.000000000000001e-01
	3.193159174021309e-04

 2316	2.294499999999970e-09
	7.000000000000001e-01
	3.193159174020886e-04

 2317	2.295499999999970e-09
	7.000000000000001e-01
	3.193159174021139e-04

 2318	2.296499999999970e-09
	7.000000000000001e-01
	3.193159174021562e-04

 2319	2.297499999999970e-09
	7.000000000000001e-01
	3.193159174021393e-04

 2320	2.298499999999970e-09
	7.000000000000001e-01
	3.193159174021055e-04

 2321	2.299499999999970e-09
	7.000000000000001e-01
	3.193159174021309e-04

 2322	2.300499999999969e-09
	7.000000000000001e-01
	3.193159174021309e-04

 2323	2.301499999999969e-09
	7.000000000000001e-01
	3.193159174020886e-04

 2324	2.302499999999969e-09
	7.000000000000001e-01
	3.193159174021139e-04

 2325	2.303499999999969e-09
	7.000000000000001e-01
	3.193159174021562e-04

 2326	2.304499999999969e-09
	7.000000000000001e-01
	3.193159174021393e-04

 2327	2.305499999999969e-09
	7.000000000000001e-01
	3.193159174021055e-04

 2328	2.306499999999969e-09
	7.000000000000001e-01
	3.193159174021309e-04

 2329	2.307499999999969e-09
	7.000000000000001e-01
	3.193159174021309e-04

 2330	2.308499999999969e-09
	7.000000000000001e-01
	3.193159174020886e-04

 2331	2.309499999999969e-09
	7.000000000000001e-01
	3.193159174021139e-04

 2332	2.310499999999968e-09
	7.000000000000001e-01
	3.193159174021562e-04

 2333	2.311499999999968e-09
	7.000000000000001e-01
	3.193159174021393e-04

 2334	2.312499999999968e-09
	7.000000000000001e-01
	3.193159174021055e-04

 2335	2.313499999999968e-09
	7.000000000000001e-01
	3.193159174021309e-04

 2336	2.314499999999968e-09
	7.000000000000001e-01
	3.193159174021309e-04

 2337	2.315499999999968e-09
	7.000000000000001e-01
	3.193159174020886e-04

 2338	2.316499999999968e-09
	7.000000000000001e-01
	3.193159174021139e-04

 2339	2.317499999999968e-09
	7.000000000000001e-01
	3.193159174021562e-04

 2340	2.318499999999968e-09
	7.000000000000001e-01
	3.193159174021393e-04

 2341	2.319499999999967e-09
	7.000000000000001e-01
	3.193159174021055e-04

 2342	2.320499999999967e-09
	7.000000000000001e-01
	3.193159174021309e-04

 2343	2.321499999999967e-09
	7.000000000000001e-01
	3.193159174021309e-04

 2344	2.322499999999967e-09
	7.000000000000001e-01
	3.193159174020886e-04

 2345	2.323499999999967e-09
	7.000000000000001e-01
	3.193159174021139e-04

 2346	2.324499999999967e-09
	7.000000000000001e-01
	3.193159174021562e-04

 2347	2.325499999999967e-09
	7.000000000000001e-01
	3.193159174021393e-04

 2348	2.326499999999967e-09
	7.000000000000001e-01
	3.193159174021055e-04

 2349	2.327499999999967e-09
	7.000000000000001e-01
	3.193159174021309e-04

 2350	2.328499999999966e-09
	7.000000000000001e-01
	3.193159174021309e-04

 2351	2.329499999999966e-09
	7.000000000000001e-01
	3.193159174020886e-04

 2352	2.330499999999966e-09
	7.000000000000001e-01
	3.193159174021139e-04

 2353	2.331499999999966e-09
	7.000000000000001e-01
	3.193159174021562e-04

 2354	2.332499999999966e-09
	7.000000000000001e-01
	3.193159174021393e-04

 2355	2.333499999999966e-09
	7.000000000000001e-01
	3.193159174021055e-04

 2356	2.334499999999966e-09
	7.000000000000001e-01
	3.193159174021309e-04

 2357	2.335499999999966e-09
	7.000000000000001e-01
	3.193159174021309e-04

 2358	2.336499999999966e-09
	7.000000000000001e-01
	3.193159174020886e-04

 2359	2.337499999999966e-09
	7.000000000000001e-01
	3.193159174021139e-04

 2360	2.338499999999965e-09
	7.000000000000001e-01
	3.193159174021562e-04

 2361	2.339499999999965e-09
	7.000000000000001e-01
	3.193159174021393e-04

 2362	2.340499999999965e-09
	7.000000000000001e-01
	3.193159174021055e-04

 2363	2.341499999999965e-09
	7.000000000000001e-01
	3.193159174021309e-04

 2364	2.342499999999965e-09
	7.000000000000001e-01
	3.193159174021309e-04

 2365	2.343499999999965e-09
	7.000000000000001e-01
	3.193159174020886e-04

 2366	2.344499999999965e-09
	7.000000000000001e-01
	3.193159174021139e-04

 2367	2.345499999999965e-09
	7.000000000000001e-01
	3.193159174021562e-04

 2368	2.346499999999965e-09
	7.000000000000001e-01
	3.193159174021393e-04

 2369	2.347499999999964e-09
	7.000000000000001e-01
	3.193159174021055e-04

 2370	2.348499999999964e-09
	7.000000000000001e-01
	3.193159174021309e-04

 2371	2.349499999999964e-09
	7.000000000000001e-01
	3.193159174021309e-04

 2372	2.350499999999964e-09
	7.000000000000001e-01
	3.193159174020886e-04

 2373	2.351499999999964e-09
	7.000000000000001e-01
	3.193159174021139e-04

 2374	2.352499999999964e-09
	7.000000000000001e-01
	3.193159174021562e-04

 2375	2.353499999999964e-09
	7.000000000000001e-01
	3.193159174021393e-04

 2376	2.354499999999964e-09
	7.000000000000001e-01
	3.193159174021055e-04

 2377	2.355499999999964e-09
	7.000000000000001e-01
	3.193159174021309e-04

 2378	2.356499999999963e-09
	7.000000000000001e-01
	3.193159174021309e-04

 2379	2.357499999999963e-09
	7.000000000000001e-01
	3.193159174020886e-04

 2380	2.358499999999963e-09
	7.000000000000001e-01
	3.193159174021139e-04

 2381	2.359499999999963e-09
	7.000000000000001e-01
	3.193159174021562e-04

 2382	2.360499999999963e-09
	7.000000000000001e-01
	3.193159174021393e-04

 2383	2.361499999999963e-09
	7.000000000000001e-01
	3.193159174021055e-04

 2384	2.362499999999963e-09
	7.000000000000001e-01
	3.193159174021309e-04

 2385	2.363499999999963e-09
	7.000000000000001e-01
	3.193159174021309e-04

 2386	2.364499999999963e-09
	7.000000000000001e-01
	3.193159174020886e-04

 2387	2.365499999999963e-09
	7.000000000000001e-01
	3.193159174021139e-04

 2388	2.366499999999962e-09
	7.000000000000001e-01
	3.193159174021562e-04

 2389	2.367499999999962e-09
	7.000000000000001e-01
	3.193159174021393e-04

 2390	2.368499999999962e-09
	7.000000000000001e-01
	3.193159174021055e-04

 2391	2.369499999999962e-09
	7.000000000000001e-01
	3.193159174021309e-04

 2392	2.370499999999962e-09
	7.000000000000001e-01
	3.193159174021309e-04

 2393	2.371499999999962e-09
	7.000000000000001e-01
	3.193159174020886e-04

 2394	2.372499999999962e-09
	7.000000000000001e-01
	3.193159174021139e-04

 2395	2.373499999999962e-09
	7.000000000000001e-01
	3.193159174021562e-04

 2396	2.374499999999962e-09
	7.000000000000001e-01
	3.193159174021393e-04

 2397	2.375499999999961e-09
	7.000000000000001e-01
	3.193159174021055e-04

 2398	2.376499999999961e-09
	7.000000000000001e-01
	3.193159174021309e-04

 2399	2.377499999999961e-09
	7.000000000000001e-01
	3.193159174021309e-04

 2400	2.378499999999961e-09
	7.000000000000001e-01
	3.193159174020886e-04

 2401	2.379499999999961e-09
	7.000000000000001e-01
	3.193159174021139e-04

 2402	2.380499999999961e-09
	7.000000000000001e-01
	3.193159174021562e-04

 2403	2.381499999999961e-09
	7.000000000000001e-01
	3.193159174021393e-04

 2404	2.382499999999961e-09
	7.000000000000001e-01
	3.193159174021055e-04

 2405	2.383499999999961e-09
	7.000000000000001e-01
	3.193159174021309e-04

 2406	2.384499999999960e-09
	7.000000000000001e-01
	3.193159174021309e-04

 2407	2.385499999999960e-09
	7.000000000000001e-01
	3.193159174020886e-04

 2408	2.386499999999960e-09
	7.000000000000001e-01
	3.193159174021139e-04

 2409	2.387499999999960e-09
	7.000000000000001e-01
	3.193159174021562e-04

 2410	2.388499999999960e-09
	7.000000000000001e-01
	3.193159174021393e-04

 2411	2.389499999999960e-09
	7.000000000000001e-01
	3.193159174021055e-04

 2412	2.390499999999960e-09
	7.000000000000001e-01
	3.193159174021309e-04

 2413	2.391499999999960e-09
	7.000000000000001e-01
	3.193159174021309e-04

 2414	2.392499999999960e-09
	7.000000000000001e-01
	3.193159174020886e-04

 2415	2.393499999999960e-09
	7.000000000000001e-01
	3.193159174021139e-04

 2416	2.394499999999959e-09
	7.000000000000001e-01
	3.193159174021562e-04

 2417	2.395499999999959e-09
	7.000000000000001e-01
	3.193159174021393e-04

 2418	2.396499999999959e-09
	7.000000000000001e-01
	3.193159174021055e-04

 2419	2.397499999999959e-09
	7.000000000000001e-01
	3.193159174021309e-04

 2420	2.398499999999959e-09
	7.000000000000001e-01
	3.193159174021309e-04

 2421	2.399499999999959e-09
	7.000000000000001e-01
	3.193159174020886e-04

 2422	2.400499999999959e-09
	7.000000000000001e-01
	3.193159174021139e-04

 2423	2.401499999999959e-09
	7.000000000000001e-01
	3.193159174021562e-04

 2424	2.402499999999959e-09
	7.000000000000001e-01
	3.193159174021393e-04

 2425	2.403499999999958e-09
	7.000000000000001e-01
	3.193159174021055e-04

 2426	2.404499999999958e-09
	7.000000000000001e-01
	3.193159174021309e-04

 2427	2.405499999999958e-09
	7.000000000000001e-01
	3.193159174021309e-04

 2428	2.406499999999958e-09
	7.000000000000001e-01
	3.193159174020886e-04

 2429	2.407499999999958e-09
	7.000000000000001e-01
	3.193159174021139e-04

 2430	2.408499999999958e-09
	7.000000000000001e-01
	3.193159174021562e-04

 2431	2.409499999999958e-09
	7.000000000000001e-01
	3.193159174021393e-04

 2432	2.410499999999958e-09
	7.000000000000001e-01
	3.193159174021055e-04

 2433	2.411499999999958e-09
	7.000000000000001e-01
	3.193159174021309e-04

 2434	2.412499999999957e-09
	7.000000000000001e-01
	3.193159174021309e-04

 2435	2.413499999999957e-09
	7.000000000000001e-01
	3.193159174020886e-04

 2436	2.414499999999957e-09
	7.000000000000001e-01
	3.193159174021139e-04

 2437	2.415499999999957e-09
	7.000000000000001e-01
	3.193159174021562e-04

 2438	2.416499999999957e-09
	7.000000000000001e-01
	3.193159174021393e-04

 2439	2.417499999999957e-09
	7.000000000000001e-01
	3.193159174021055e-04

 2440	2.418499999999957e-09
	7.000000000000001e-01
	3.193159174021309e-04

 2441	2.419499999999957e-09
	7.000000000000001e-01
	3.193159174021309e-04

 2442	2.420499999999957e-09
	7.000000000000001e-01
	3.193159174020886e-04

 2443	2.421499999999957e-09
	7.000000000000001e-01
	3.193159174021139e-04

 2444	2.422499999999956e-09
	7.000000000000001e-01
	3.193159174021562e-04

 2445	2.423499999999956e-09
	7.000000000000001e-01
	3.193159174021393e-04

 2446	2.424499999999956e-09
	7.000000000000001e-01
	3.193159174021055e-04

 2447	2.425499999999956e-09
	7.000000000000001e-01
	3.193159174021309e-04

 2448	2.426499999999956e-09
	7.000000000000001e-01
	3.193159174021309e-04

 2449	2.427499999999956e-09
	7.000000000000001e-01
	3.193159174020886e-04

 2450	2.428499999999956e-09
	7.000000000000001e-01
	3.193159174021139e-04

 2451	2.429499999999956e-09
	7.000000000000001e-01
	3.193159174021562e-04

 2452	2.430499999999956e-09
	7.000000000000001e-01
	3.193159174021393e-04

 2453	2.431499999999955e-09
	7.000000000000001e-01
	3.193159174021055e-04

 2454	2.432499999999955e-09
	7.000000000000001e-01
	3.193159174021309e-04

 2455	2.433499999999955e-09
	7.000000000000001e-01
	3.193159174021309e-04

 2456	2.434499999999955e-09
	7.000000000000001e-01
	3.193159174020886e-04

 2457	2.435499999999955e-09
	7.000000000000001e-01
	3.193159174021139e-04

 2458	2.436499999999955e-09
	7.000000000000001e-01
	3.193159174021562e-04

 2459	2.437499999999955e-09
	7.000000000000001e-01
	3.193159174021393e-04

 2460	2.438499999999955e-09
	7.000000000000001e-01
	3.193159174021055e-04

 2461	2.439499999999955e-09
	7.000000000000001e-01
	3.193159174021309e-04

 2462	2.440499999999955e-09
	7.000000000000001e-01
	3.193159174021309e-04

 2463	2.441499999999954e-09
	7.000000000000001e-01
	3.193159174020886e-04

 2464	2.442499999999954e-09
	7.000000000000001e-01
	3.193159174021139e-04

 2465	2.443499999999954e-09
	7.000000000000001e-01
	3.193159174021562e-04

 2466	2.444499999999954e-09
	7.000000000000001e-01
	3.193159174021393e-04

 2467	2.445499999999954e-09
	7.000000000000001e-01
	3.193159174021055e-04

 2468	2.446499999999954e-09
	7.000000000000001e-01
	3.193159174021309e-04

 2469	2.447499999999954e-09
	7.000000000000001e-01
	3.193159174021309e-04

 2470	2.448499999999954e-09
	7.000000000000001e-01
	3.193159174020886e-04

 2471	2.449499999999954e-09
	7.000000000000001e-01
	3.193159174021139e-04

 2472	2.450499999999953e-09
	7.000000000000001e-01
	3.193159174021562e-04

 2473	2.451499999999953e-09
	7.000000000000001e-01
	3.193159174021393e-04

 2474	2.452499999999953e-09
	7.000000000000001e-01
	3.193159174021055e-04

 2475	2.453499999999953e-09
	7.000000000000001e-01
	3.193159174021309e-04

 2476	2.454499999999953e-09
	7.000000000000001e-01
	3.193159174021309e-04

 2477	2.455499999999953e-09
	7.000000000000001e-01
	3.193159174020886e-04

 2478	2.456499999999953e-09
	7.000000000000001e-01
	3.193159174021139e-04

 2479	2.457499999999953e-09
	7.000000000000001e-01
	3.193159174021562e-04

 2480	2.458499999999953e-09
	7.000000000000001e-01
	3.193159174021393e-04

 2481	2.459499999999952e-09
	7.000000000000001e-01
	3.193159174021055e-04

 2482	2.460499999999952e-09
	7.000000000000001e-01
	3.193159174021309e-04

 2483	2.461499999999952e-09
	7.000000000000001e-01
	3.193159174021309e-04

 2484	2.462499999999952e-09
	7.000000000000001e-01
	3.193159174020886e-04

 2485	2.463499999999952e-09
	7.000000000000001e-01
	3.193159174021139e-04

 2486	2.464499999999952e-09
	7.000000000000001e-01
	3.193159174021562e-04

 2487	2.465499999999952e-09
	7.000000000000001e-01
	3.193159174021393e-04

 2488	2.466499999999952e-09
	7.000000000000001e-01
	3.193159174021055e-04

 2489	2.467499999999952e-09
	7.000000000000001e-01
	3.193159174021309e-04

 2490	2.468499999999952e-09
	7.000000000000001e-01
	3.193159174021309e-04

 2491	2.469499999999951e-09
	7.000000000000001e-01
	3.193159174020886e-04

 2492	2.470499999999951e-09
	7.000000000000001e-01
	3.193159174021139e-04

 2493	2.471499999999951e-09
	7.000000000000001e-01
	3.193159174021562e-04

 2494	2.472499999999951e-09
	7.000000000000001e-01
	3.193159174021393e-04

 2495	2.473499999999951e-09
	7.000000000000001e-01
	3.193159174021055e-04

 2496	2.474499999999951e-09
	7.000000000000001e-01
	3.193159174021309e-04

 2497	2.475499999999951e-09
	7.000000000000001e-01
	3.193159174021309e-04

 2498	2.476499999999951e-09
	7.000000000000001e-01
	3.193159174020886e-04

 2499	2.477499999999951e-09
	7.000000000000001e-01
	3.193159174021139e-04

 2500	2.478499999999950e-09
	7.000000000000001e-01
	3.193159174021562e-04

 2501	2.479499999999950e-09
	7.000000000000001e-01
	3.193159174021393e-04

 2502	2.480499999999950e-09
	7.000000000000001e-01
	3.193159174021055e-04

 2503	2.481499999999950e-09
	7.000000000000001e-01
	3.193159174021309e-04

 2504	2.482499999999950e-09
	7.000000000000001e-01
	3.193159174021309e-04

 2505	2.483499999999950e-09
	7.000000000000001e-01
	3.193159174020886e-04

 2506	2.484499999999950e-09
	7.000000000000001e-01
	3.193159174021139e-04

 2507	2.485499999999950e-09
	7.000000000000001e-01
	3.193159174021562e-04

 2508	2.486499999999950e-09
	7.000000000000001e-01
	3.193159174021393e-04

 2509	2.487499999999949e-09
	7.000000000000001e-01
	3.193159174021055e-04

 2510	2.488499999999949e-09
	7.000000000000001e-01
	3.193159174021309e-04

 2511	2.489499999999949e-09
	7.000000000000001e-01
	3.193159174021309e-04

 2512	2.490499999999949e-09
	7.000000000000001e-01
	3.193159174020886e-04

 2513	2.491499999999949e-09
	7.000000000000001e-01
	3.193159174021139e-04

 2514	2.492499999999949e-09
	7.000000000000001e-01
	3.193159174021562e-04

 2515	2.493499999999949e-09
	7.000000000000001e-01
	3.193159174021393e-04

 2516	2.494499999999949e-09
	7.000000000000001e-01
	3.193159174021055e-04

 2517	2.495499999999949e-09
	7.000000000000001e-01
	3.193159174021309e-04

 2518	2.496499999999949e-09
	7.000000000000001e-01
	3.193159174021309e-04

 2519	2.497499999999948e-09
	7.000000000000001e-01
	3.193159174020886e-04

 2520	2.498499999999948e-09
	7.000000000000001e-01
	3.193159174021139e-04

 2521	2.499499999999948e-09
	7.000000000000001e-01
	3.193159174021562e-04

 2522	2.500499999999948e-09
	7.000000000000001e-01
	3.193159174021393e-04

 2523	2.501499999999948e-09
	7.000000000000001e-01
	3.193159174021055e-04

 2524	2.502499999999948e-09
	7.000000000000001e-01
	3.193159174021309e-04

 2525	2.503499999999948e-09
	7.000000000000001e-01
	3.193159174021309e-04

 2526	2.504499999999948e-09
	7.000000000000001e-01
	3.193159174020886e-04

 2527	2.505499999999948e-09
	7.000000000000001e-01
	3.193159174021139e-04

 2528	2.506499999999947e-09
	7.000000000000001e-01
	3.193159174021562e-04

 2529	2.507499999999947e-09
	7.000000000000001e-01
	3.193159174021393e-04

 2530	2.508499999999947e-09
	7.000000000000001e-01
	3.193159174021055e-04

 2531	2.509499999999947e-09
	7.000000000000001e-01
	3.193159174021309e-04

 2532	2.510499999999947e-09
	7.000000000000001e-01
	3.193159174021309e-04

 2533	2.511499999999947e-09
	7.000000000000001e-01
	3.193159174020886e-04

 2534	2.512499999999947e-09
	7.000000000000001e-01
	3.193159174021139e-04

 2535	2.513499999999947e-09
	7.000000000000001e-01
	3.193159174021562e-04

 2536	2.514499999999947e-09
	7.000000000000001e-01
	3.193159174021393e-04

 2537	2.515499999999946e-09
	7.000000000000001e-01
	3.193159174021055e-04

 2538	2.516499999999946e-09
	7.000000000000001e-01
	3.193159174021309e-04

 2539	2.517499999999946e-09
	7.000000000000001e-01
	3.193159174021309e-04

 2540	2.518499999999946e-09
	7.000000000000001e-01
	3.193159174020886e-04

 2541	2.519499999999946e-09
	7.000000000000001e-01
	3.193159174021139e-04

 2542	2.520499999999946e-09
	7.000000000000001e-01
	3.193159174021562e-04

 2543	2.521499999999946e-09
	7.000000000000001e-01
	3.193159174021393e-04

 2544	2.522499999999946e-09
	7.000000000000001e-01
	3.193159174021055e-04

 2545	2.523499999999946e-09
	7.000000000000001e-01
	3.193159174021309e-04

 2546	2.524499999999946e-09
	7.000000000000001e-01
	3.193159174021309e-04

 2547	2.525499999999945e-09
	7.000000000000001e-01
	3.193159174020886e-04

 2548	2.526499999999945e-09
	7.000000000000001e-01
	3.193159174021139e-04

 2549	2.527499999999945e-09
	7.000000000000001e-01
	3.193159174021562e-04

 2550	2.528499999999945e-09
	7.000000000000001e-01
	3.193159174021393e-04

 2551	2.529499999999945e-09
	7.000000000000001e-01
	3.193159174021055e-04

 2552	2.530499999999945e-09
	7.000000000000001e-01
	3.193159174021309e-04

 2553	2.531499999999945e-09
	7.000000000000001e-01
	3.193159174021309e-04

 2554	2.532499999999945e-09
	7.000000000000001e-01
	3.193159174020886e-04

 2555	2.533499999999945e-09
	7.000000000000001e-01
	3.193159174021139e-04

 2556	2.534499999999944e-09
	7.000000000000001e-01
	3.193159174021562e-04

 2557	2.535499999999944e-09
	7.000000000000001e-01
	3.193159174021393e-04

 2558	2.536499999999944e-09
	7.000000000000001e-01
	3.193159174021055e-04

 2559	2.537499999999944e-09
	7.000000000000001e-01
	3.193159174021309e-04

 2560	2.538499999999944e-09
	7.000000000000001e-01
	3.193159174021309e-04

 2561	2.539499999999944e-09
	7.000000000000001e-01
	3.193159174020886e-04

 2562	2.540499999999944e-09
	7.000000000000001e-01
	3.193159174021139e-04

 2563	2.541499999999944e-09
	7.000000000000001e-01
	3.193159174021562e-04

 2564	2.542499999999944e-09
	7.000000000000001e-01
	3.193159174021393e-04

 2565	2.543499999999943e-09
	7.000000000000001e-01
	3.193159174021055e-04

 2566	2.544499999999943e-09
	7.000000000000001e-01
	3.193159174021309e-04

 2567	2.545499999999943e-09
	7.000000000000001e-01
	3.193159174021309e-04

 2568	2.546499999999943e-09
	7.000000000000001e-01
	3.193159174020886e-04

 2569	2.547499999999943e-09
	7.000000000000001e-01
	3.193159174021139e-04

 2570	2.548499999999943e-09
	7.000000000000001e-01
	3.193159174021562e-04

 2571	2.549499999999943e-09
	7.000000000000001e-01
	3.193159174021393e-04

 2572	2.550499999999943e-09
	7.000000000000001e-01
	3.193159174021055e-04

 2573	2.551499999999943e-09
	7.000000000000001e-01
	3.193159174021309e-04

 2574	2.552499999999943e-09
	7.000000000000001e-01
	3.193159174021309e-04

 2575	2.553499999999942e-09
	7.000000000000001e-01
	3.193159174020886e-04

 2576	2.554499999999942e-09
	7.000000000000001e-01
	3.193159174021139e-04

 2577	2.555499999999942e-09
	7.000000000000001e-01
	3.193159174021562e-04

 2578	2.556499999999942e-09
	7.000000000000001e-01
	3.193159174021393e-04

 2579	2.557499999999942e-09
	7.000000000000001e-01
	3.193159174021055e-04

 2580	2.558499999999942e-09
	7.000000000000001e-01
	3.193159174021309e-04

 2581	2.559499999999942e-09
	7.000000000000001e-01
	3.193159174021309e-04

 2582	2.560499999999942e-09
	7.000000000000001e-01
	3.193159174020886e-04

 2583	2.561499999999942e-09
	7.000000000000001e-01
	3.193159174021139e-04

 2584	2.562499999999941e-09
	7.000000000000001e-01
	3.193159174021562e-04

 2585	2.563499999999941e-09
	7.000000000000001e-01
	3.193159174021393e-04

 2586	2.564499999999941e-09
	7.000000000000001e-01
	3.193159174021055e-04

 2587	2.565499999999941e-09
	7.000000000000001e-01
	3.193159174021309e-04

 2588	2.566499999999941e-09
	7.000000000000001e-01
	3.193159174021309e-04

 2589	2.567499999999941e-09
	7.000000000000001e-01
	3.193159174020886e-04

 2590	2.568499999999941e-09
	7.000000000000001e-01
	3.193159174021139e-04

 2591	2.569499999999941e-09
	7.000000000000001e-01
	3.193159174021562e-04

 2592	2.570499999999941e-09
	7.000000000000001e-01
	3.193159174021393e-04

 2593	2.571499999999941e-09
	7.000000000000001e-01
	3.193159174021055e-04

 2594	2.572499999999940e-09
	7.000000000000001e-01
	3.193159174021309e-04

 2595	2.573499999999940e-09
	7.000000000000001e-01
	3.193159174021309e-04

 2596	2.574499999999940e-09
	7.000000000000001e-01
	3.193159174020886e-04

 2597	2.575499999999940e-09
	7.000000000000001e-01
	3.193159174021139e-04

 2598	2.576499999999940e-09
	7.000000000000001e-01
	3.193159174021562e-04

 2599	2.577499999999940e-09
	7.000000000000001e-01
	3.193159174021393e-04

 2600	2.578499999999940e-09
	7.000000000000001e-01
	3.193159174021055e-04

 2601	2.579499999999940e-09
	7.000000000000001e-01
	3.193159174021309e-04

 2602	2.580499999999940e-09
	7.000000000000001e-01
	3.193159174021309e-04

 2603	2.581499999999939e-09
	7.000000000000001e-01
	3.193159174020886e-04

 2604	2.582499999999939e-09
	7.000000000000001e-01
	3.193159174021139e-04

 2605	2.583499999999939e-09
	7.000000000000001e-01
	3.193159174021562e-04

 2606	2.584499999999939e-09
	7.000000000000001e-01
	3.193159174021393e-04

 2607	2.585499999999939e-09
	7.000000000000001e-01
	3.193159174021055e-04

 2608	2.586499999999939e-09
	7.000000000000001e-01
	3.193159174021309e-04

 2609	2.587499999999939e-09
	7.000000000000001e-01
	3.193159174021309e-04

 2610	2.588499999999939e-09
	7.000000000000001e-01
	3.193159174020886e-04

 2611	2.589499999999939e-09
	7.000000000000001e-01
	3.193159174021139e-04

 2612	2.590499999999938e-09
	7.000000000000001e-01
	3.193159174021562e-04

 2613	2.591499999999938e-09
	7.000000000000001e-01
	3.193159174021393e-04

 2614	2.592499999999938e-09
	7.000000000000001e-01
	3.193159174021055e-04

 2615	2.593499999999938e-09
	7.000000000000001e-01
	3.193159174021309e-04

 2616	2.594499999999938e-09
	7.000000000000001e-01
	3.193159174021309e-04

 2617	2.595499999999938e-09
	7.000000000000001e-01
	3.193159174020886e-04

 2618	2.596499999999938e-09
	7.000000000000001e-01
	3.193159174021139e-04

 2619	2.597499999999938e-09
	7.000000000000001e-01
	3.193159174021562e-04

 2620	2.598499999999938e-09
	7.000000000000001e-01
	3.193159174021393e-04

 2621	2.599499999999938e-09
	7.000000000000001e-01
	3.193159174021055e-04

 2622	2.600499999999937e-09
	7.000000000000001e-01
	3.193159174021309e-04

 2623	2.601499999999937e-09
	7.000000000000001e-01
	3.193159174021309e-04

 2624	2.602499999999937e-09
	7.000000000000001e-01
	3.193159174020886e-04

 2625	2.603499999999937e-09
	7.000000000000001e-01
	3.193159174021139e-04

 2626	2.604499999999937e-09
	7.000000000000001e-01
	3.193159174021562e-04

 2627	2.605499999999937e-09
	7.000000000000001e-01
	3.193159174021393e-04

 2628	2.606499999999937e-09
	7.000000000000001e-01
	3.193159174021055e-04

 2629	2.607499999999937e-09
	7.000000000000001e-01
	3.193159174021309e-04

 2630	2.608499999999937e-09
	7.000000000000001e-01
	3.193159174021309e-04

 2631	2.609499999999936e-09
	7.000000000000001e-01
	3.193159174020886e-04

 2632	2.610499999999936e-09
	7.000000000000001e-01
	3.193159174021139e-04

 2633	2.611499999999936e-09
	7.000000000000001e-01
	3.193159174021562e-04

 2634	2.612499999999936e-09
	7.000000000000001e-01
	3.193159174021393e-04

 2635	2.613499999999936e-09
	7.000000000000001e-01
	3.193159174021055e-04

 2636	2.614499999999936e-09
	7.000000000000001e-01
	3.193159174021309e-04

 2637	2.615499999999936e-09
	7.000000000000001e-01
	3.193159174021309e-04

 2638	2.616499999999936e-09
	7.000000000000001e-01
	3.193159174020886e-04

 2639	2.617499999999936e-09
	7.000000000000001e-01
	3.193159174021139e-04

 2640	2.618499999999935e-09
	7.000000000000001e-01
	3.193159174021562e-04

 2641	2.619499999999935e-09
	7.000000000000001e-01
	3.193159174021393e-04

 2642	2.620499999999935e-09
	7.000000000000001e-01
	3.193159174021055e-04

 2643	2.621499999999935e-09
	7.000000000000001e-01
	3.193159174021309e-04

 2644	2.622499999999935e-09
	7.000000000000001e-01
	3.193159174021309e-04

 2645	2.623499999999935e-09
	7.000000000000001e-01
	3.193159174020886e-04

 2646	2.624499999999935e-09
	7.000000000000001e-01
	3.193159174021139e-04

 2647	2.625499999999935e-09
	7.000000000000001e-01
	3.193159174021562e-04

 2648	2.626499999999935e-09
	7.000000000000001e-01
	3.193159174021393e-04

 2649	2.627499999999935e-09
	7.000000000000001e-01
	3.193159174021055e-04

 2650	2.628499999999934e-09
	7.000000000000001e-01
	3.193159174021309e-04

 2651	2.629499999999934e-09
	7.000000000000001e-01
	3.193159174021309e-04

 2652	2.630499999999934e-09
	7.000000000000001e-01
	3.193159174020886e-04

 2653	2.631499999999934e-09
	7.000000000000001e-01
	3.193159174021139e-04

 2654	2.632499999999934e-09
	7.000000000000001e-01
	3.193159174021562e-04

 2655	2.633499999999934e-09
	7.000000000000001e-01
	3.193159174021393e-04

 2656	2.634499999999934e-09
	7.000000000000001e-01
	3.193159174021055e-04

 2657	2.635499999999934e-09
	7.000000000000001e-01
	3.193159174021309e-04

 2658	2.636499999999934e-09
	7.000000000000001e-01
	3.193159174021309e-04

 2659	2.637499999999933e-09
	7.000000000000001e-01
	3.193159174020886e-04

 2660	2.638499999999933e-09
	7.000000000000001e-01
	3.193159174021139e-04

 2661	2.639499999999933e-09
	7.000000000000001e-01
	3.193159174021562e-04

 2662	2.640499999999933e-09
	7.000000000000001e-01
	3.193159174021393e-04

 2663	2.641499999999933e-09
	7.000000000000001e-01
	3.193159174021055e-04

 2664	2.642499999999933e-09
	7.000000000000001e-01
	3.193159174021309e-04

 2665	2.643499999999933e-09
	7.000000000000001e-01
	3.193159174021309e-04

 2666	2.644499999999933e-09
	7.000000000000001e-01
	3.193159174020886e-04

 2667	2.645499999999933e-09
	7.000000000000001e-01
	3.193159174021139e-04

 2668	2.646499999999932e-09
	7.000000000000001e-01
	3.193159174021562e-04

 2669	2.647499999999932e-09
	7.000000000000001e-01
	3.193159174021393e-04

 2670	2.648499999999932e-09
	7.000000000000001e-01
	3.193159174021055e-04

 2671	2.649499999999932e-09
	7.000000000000001e-01
	3.193159174021309e-04

 2672	2.650499999999932e-09
	7.000000000000001e-01
	3.193159174021309e-04

 2673	2.651499999999932e-09
	7.000000000000001e-01
	3.193159174020886e-04

 2674	2.652499999999932e-09
	7.000000000000001e-01
	3.193159174021139e-04

 2675	2.653499999999932e-09
	7.000000000000001e-01
	3.193159174021562e-04

 2676	2.654499999999932e-09
	7.000000000000001e-01
	3.193159174021393e-04

 2677	2.655499999999932e-09
	7.000000000000001e-01
	3.193159174021055e-04

 2678	2.656499999999931e-09
	7.000000000000001e-01
	3.193159174021309e-04

 2679	2.657499999999931e-09
	7.000000000000001e-01
	3.193159174021309e-04

 2680	2.658499999999931e-09
	7.000000000000001e-01
	3.193159174020886e-04

 2681	2.659499999999931e-09
	7.000000000000001e-01
	3.193159174021139e-04

 2682	2.660499999999931e-09
	7.000000000000001e-01
	3.193159174021562e-04

 2683	2.661499999999931e-09
	7.000000000000001e-01
	3.193159174021393e-04

 2684	2.662499999999931e-09
	7.000000000000001e-01
	3.193159174021055e-04

 2685	2.663499999999931e-09
	7.000000000000001e-01
	3.193159174021309e-04

 2686	2.664499999999931e-09
	7.000000000000001e-01
	3.193159174021309e-04

 2687	2.665499999999930e-09
	7.000000000000001e-01
	3.193159174020886e-04

 2688	2.666499999999930e-09
	7.000000000000001e-01
	3.193159174021139e-04

 2689	2.667499999999930e-09
	7.000000000000001e-01
	3.193159174021562e-04

 2690	2.668499999999930e-09
	7.000000000000001e-01
	3.193159174021393e-04

 2691	2.669499999999930e-09
	7.000000000000001e-01
	3.193159174021055e-04

 2692	2.670499999999930e-09
	7.000000000000001e-01
	3.193159174021309e-04

 2693	2.671499999999930e-09
	7.000000000000001e-01
	3.193159174021309e-04

 2694	2.672499999999930e-09
	7.000000000000001e-01
	3.193159174020886e-04

 2695	2.673499999999930e-09
	7.000000000000001e-01
	3.193159174021139e-04

 2696	2.674499999999930e-09
	7.000000000000001e-01
	3.193159174021562e-04

 2697	2.675499999999929e-09
	7.000000000000001e-01
	3.193159174021393e-04

 2698	2.676499999999929e-09
	7.000000000000001e-01
	3.193159174021055e-04

 2699	2.677499999999929e-09
	7.000000000000001e-01
	3.193159174021309e-04

 2700	2.678499999999929e-09
	7.000000000000001e-01
	3.193159174021309e-04

 2701	2.679499999999929e-09
	7.000000000000001e-01
	3.193159174020886e-04

 2702	2.680499999999929e-09
	7.000000000000001e-01
	3.193159174021139e-04

 2703	2.681499999999929e-09
	7.000000000000001e-01
	3.193159174021562e-04

 2704	2.682499999999929e-09
	7.000000000000001e-01
	3.193159174021393e-04

 2705	2.683499999999929e-09
	7.000000000000001e-01
	3.193159174021055e-04

 2706	2.684499999999928e-09
	7.000000000000001e-01
	3.193159174021309e-04

 2707	2.685499999999928e-09
	7.000000000000001e-01
	3.193159174021309e-04

 2708	2.686499999999928e-09
	7.000000000000001e-01
	3.193159174020886e-04

 2709	2.687499999999928e-09
	7.000000000000001e-01
	3.193159174021139e-04

 2710	2.688499999999928e-09
	7.000000000000001e-01
	3.193159174021562e-04

 2711	2.689499999999928e-09
	7.000000000000001e-01
	3.193159174021393e-04

 2712	2.690499999999928e-09
	7.000000000000001e-01
	3.193159174021055e-04

 2713	2.691499999999928e-09
	7.000000000000001e-01
	3.193159174021309e-04

 2714	2.692499999999928e-09
	7.000000000000001e-01
	3.193159174021309e-04

 2715	2.693499999999927e-09
	7.000000000000001e-01
	3.193159174020886e-04

 2716	2.694499999999927e-09
	7.000000000000001e-01
	3.193159174021139e-04

 2717	2.695499999999927e-09
	7.000000000000001e-01
	3.193159174021562e-04

 2718	2.696499999999927e-09
	7.000000000000001e-01
	3.193159174021393e-04

 2719	2.697499999999927e-09
	7.000000000000001e-01
	3.193159174021055e-04

 2720	2.698499999999927e-09
	7.000000000000001e-01
	3.193159174021309e-04

 2721	2.699499999999927e-09
	7.000000000000001e-01
	3.193159174021309e-04

 2722	2.700499999999927e-09
	7.000000000000001e-01
	3.193159174020886e-04

 2723	2.701499999999927e-09
	7.000000000000001e-01
	3.193159174021139e-04

 2724	2.702499999999927e-09
	7.000000000000001e-01
	3.193159174021562e-04

 2725	2.703499999999926e-09
	7.000000000000001e-01
	3.193159174021393e-04

 2726	2.704499999999926e-09
	7.000000000000001e-01
	3.193159174021055e-04

 2727	2.705499999999926e-09
	7.000000000000001e-01
	3.193159174021309e-04

 2728	2.706499999999926e-09
	7.000000000000001e-01
	3.193159174021309e-04

 2729	2.707499999999926e-09
	7.000000000000001e-01
	3.193159174020886e-04

 2730	2.708499999999926e-09
	7.000000000000001e-01
	3.193159174021139e-04

 2731	2.709499999999926e-09
	7.000000000000001e-01
	3.193159174021562e-04

 2732	2.710499999999926e-09
	7.000000000000001e-01
	3.193159174021393e-04

 2733	2.711499999999926e-09
	7.000000000000001e-01
	3.193159174021055e-04

 2734	2.712499999999925e-09
	7.000000000000001e-01
	3.193159174021309e-04

 2735	2.713499999999925e-09
	7.000000000000001e-01
	3.193159174021309e-04

 2736	2.714499999999925e-09
	7.000000000000001e-01
	3.193159174020886e-04

 2737	2.715499999999925e-09
	7.000000000000001e-01
	3.193159174021139e-04

 2738	2.716499999999925e-09
	7.000000000000001e-01
	3.193159174021562e-04

 2739	2.717499999999925e-09
	7.000000000000001e-01
	3.193159174021393e-04

 2740	2.718499999999925e-09
	7.000000000000001e-01
	3.193159174021055e-04

 2741	2.719499999999925e-09
	7.000000000000001e-01
	3.193159174021309e-04

 2742	2.720499999999925e-09
	7.000000000000001e-01
	3.193159174021309e-04

 2743	2.721499999999924e-09
	7.000000000000001e-01
	3.193159174020886e-04

 2744	2.722499999999924e-09
	7.000000000000001e-01
	3.193159174021139e-04

 2745	2.723499999999924e-09
	7.000000000000001e-01
	3.193159174021562e-04

 2746	2.724499999999924e-09
	7.000000000000001e-01
	3.193159174021393e-04

 2747	2.725499999999924e-09
	7.000000000000001e-01
	3.193159174021055e-04

 2748	2.726499999999924e-09
	7.000000000000001e-01
	3.193159174021309e-04

 2749	2.727499999999924e-09
	7.000000000000001e-01
	3.193159174021309e-04

 2750	2.728499999999924e-09
	7.000000000000001e-01
	3.193159174020886e-04

 2751	2.729499999999924e-09
	7.000000000000001e-01
	3.193159174021139e-04

 2752	2.730499999999924e-09
	7.000000000000001e-01
	3.193159174021562e-04

 2753	2.731499999999923e-09
	7.000000000000001e-01
	3.193159174021393e-04

 2754	2.732499999999923e-09
	7.000000000000001e-01
	3.193159174021055e-04

 2755	2.733499999999923e-09
	7.000000000000001e-01
	3.193159174021309e-04

 2756	2.734499999999923e-09
	7.000000000000001e-01
	3.193159174021309e-04

 2757	2.735499999999923e-09
	7.000000000000001e-01
	3.193159174020886e-04

 2758	2.736499999999923e-09
	7.000000000000001e-01
	3.193159174021139e-04

 2759	2.737499999999923e-09
	7.000000000000001e-01
	3.193159174021562e-04

 2760	2.738499999999923e-09
	7.000000000000001e-01
	3.193159174021393e-04

 2761	2.739499999999923e-09
	7.000000000000001e-01
	3.193159174021055e-04

 2762	2.740499999999922e-09
	7.000000000000001e-01
	3.193159174021309e-04

 2763	2.741499999999922e-09
	7.000000000000001e-01
	3.193159174021309e-04

 2764	2.742499999999922e-09
	7.000000000000001e-01
	3.193159174020886e-04

 2765	2.743499999999922e-09
	7.000000000000001e-01
	3.193159174021139e-04

 2766	2.744499999999922e-09
	7.000000000000001e-01
	3.193159174021562e-04

 2767	2.745499999999922e-09
	7.000000000000001e-01
	3.193159174021393e-04

 2768	2.746499999999922e-09
	7.000000000000001e-01
	3.193159174021055e-04

 2769	2.747499999999922e-09
	7.000000000000001e-01
	3.193159174021309e-04

 2770	2.748499999999922e-09
	7.000000000000001e-01
	3.193159174021309e-04

 2771	2.749499999999921e-09
	7.000000000000001e-01
	3.193159174020886e-04

 2772	2.750499999999921e-09
	7.000000000000001e-01
	3.193159174021139e-04

 2773	2.751499999999921e-09
	7.000000000000001e-01
	3.193159174021562e-04

 2774	2.752499999999921e-09
	7.000000000000001e-01
	3.193159174021393e-04

 2775	2.753499999999921e-09
	7.000000000000001e-01
	3.193159174021055e-04

 2776	2.754499999999921e-09
	7.000000000000001e-01
	3.193159174021309e-04

 2777	2.755499999999921e-09
	7.000000000000001e-01
	3.193159174021309e-04

 2778	2.756499999999921e-09
	7.000000000000001e-01
	3.193159174020886e-04

 2779	2.757499999999921e-09
	7.000000000000001e-01
	3.193159174021139e-04

 2780	2.758499999999921e-09
	7.000000000000001e-01
	3.193159174021562e-04

 2781	2.759499999999920e-09
	7.000000000000001e-01
	3.193159174021393e-04

 2782	2.760499999999920e-09
	7.000000000000001e-01
	3.193159174021055e-04

 2783	2.761499999999920e-09
	7.000000000000001e-01
	3.193159174021309e-04

 2784	2.762499999999920e-09
	7.000000000000001e-01
	3.193159174021309e-04

 2785	2.763499999999920e-09
	7.000000000000001e-01
	3.193159174020886e-04

 2786	2.764499999999920e-09
	7.000000000000001e-01
	3.193159174021139e-04

 2787	2.765499999999920e-09
	7.000000000000001e-01
	3.193159174021562e-04

 2788	2.766499999999920e-09
	7.000000000000001e-01
	3.193159174021393e-04

 2789	2.767499999999920e-09
	7.000000000000001e-01
	3.193159174021055e-04

 2790	2.768499999999919e-09
	7.000000000000001e-01
	3.193159174021309e-04

 2791	2.769499999999919e-09
	7.000000000000001e-01
	3.193159174021309e-04

 2792	2.770499999999919e-09
	7.000000000000001e-01
	3.193159174020886e-04

 2793	2.771499999999919e-09
	7.000000000000001e-01
	3.193159174021139e-04

 2794	2.772499999999919e-09
	7.000000000000001e-01
	3.193159174021562e-04

 2795	2.773499999999919e-09
	7.000000000000001e-01
	3.193159174021393e-04

 2796	2.774499999999919e-09
	7.000000000000001e-01
	3.193159174021055e-04

 2797	2.775499999999919e-09
	7.000000000000001e-01
	3.193159174021309e-04

 2798	2.776499999999919e-09
	7.000000000000001e-01
	3.193159174021309e-04

 2799	2.777499999999918e-09
	7.000000000000001e-01
	3.193159174020886e-04

 2800	2.778499999999918e-09
	7.000000000000001e-01
	3.193159174021139e-04

 2801	2.779499999999918e-09
	7.000000000000001e-01
	3.193159174021562e-04

 2802	2.780499999999918e-09
	7.000000000000001e-01
	3.193159174021393e-04

 2803	2.781499999999918e-09
	7.000000000000001e-01
	3.193159174021055e-04

 2804	2.782499999999918e-09
	7.000000000000001e-01
	3.193159174021309e-04

 2805	2.783499999999918e-09
	7.000000000000001e-01
	3.193159174021309e-04

 2806	2.784499999999918e-09
	7.000000000000001e-01
	3.193159174020886e-04

 2807	2.785499999999918e-09
	7.000000000000001e-01
	3.193159174021139e-04

 2808	2.786499999999918e-09
	7.000000000000001e-01
	3.193159174021562e-04

 2809	2.787499999999917e-09
	7.000000000000001e-01
	3.193159174021393e-04

 2810	2.788499999999917e-09
	7.000000000000001e-01
	3.193159174021055e-04

 2811	2.789499999999917e-09
	7.000000000000001e-01
	3.193159174021309e-04

 2812	2.790499999999917e-09
	7.000000000000001e-01
	3.193159174021309e-04

 2813	2.791499999999917e-09
	7.000000000000001e-01
	3.193159174020886e-04

 2814	2.792499999999917e-09
	7.000000000000001e-01
	3.193159174021139e-04

 2815	2.793499999999917e-09
	7.000000000000001e-01
	3.193159174021562e-04

 2816	2.794499999999917e-09
	7.000000000000001e-01
	3.193159174021393e-04

 2817	2.795499999999917e-09
	7.000000000000001e-01
	3.193159174021055e-04

 2818	2.796499999999916e-09
	7.000000000000001e-01
	3.193159174021309e-04

 2819	2.797499999999916e-09
	7.000000000000001e-01
	3.193159174021309e-04

 2820	2.798499999999916e-09
	7.000000000000001e-01
	3.193159174020886e-04

 2821	2.799499999999916e-09
	7.000000000000001e-01
	3.193159174021139e-04

 2822	2.800499999999916e-09
	7.000000000000001e-01
	3.193159174021562e-04

 2823	2.801499999999916e-09
	7.000000000000001e-01
	3.193159174021393e-04

 2824	2.802499999999916e-09
	7.000000000000001e-01
	3.193159174021055e-04

 2825	2.803499999999916e-09
	7.000000000000001e-01
	3.193159174021309e-04

 2826	2.804499999999916e-09
	7.000000000000001e-01
	3.193159174021309e-04

 2827	2.805499999999916e-09
	7.000000000000001e-01
	3.193159174020886e-04

 2828	2.806499999999915e-09
	7.000000000000001e-01
	3.193159174021139e-04

 2829	2.807499999999915e-09
	7.000000000000001e-01
	3.193159174021562e-04

 2830	2.808499999999915e-09
	7.000000000000001e-01
	3.193159174021393e-04

 2831	2.809499999999915e-09
	7.000000000000001e-01
	3.193159174021055e-04

 2832	2.810499999999915e-09
	7.000000000000001e-01
	3.193159174021309e-04

 2833	2.811499999999915e-09
	7.000000000000001e-01
	3.193159174021309e-04

 2834	2.812499999999915e-09
	7.000000000000001e-01
	3.193159174020886e-04

 2835	2.813499999999915e-09
	7.000000000000001e-01
	3.193159174021139e-04

 2836	2.814499999999915e-09
	7.000000000000001e-01
	3.193159174021562e-04

 2837	2.815499999999914e-09
	7.000000000000001e-01
	3.193159174021393e-04

 2838	2.816499999999914e-09
	7.000000000000001e-01
	3.193159174021055e-04

 2839	2.817499999999914e-09
	7.000000000000001e-01
	3.193159174021309e-04

 2840	2.818499999999914e-09
	7.000000000000001e-01
	3.193159174021309e-04

 2841	2.819499999999914e-09
	7.000000000000001e-01
	3.193159174020886e-04

 2842	2.820499999999914e-09
	7.000000000000001e-01
	3.193159174021139e-04

 2843	2.821499999999914e-09
	7.000000000000001e-01
	3.193159174021562e-04

 2844	2.822499999999914e-09
	7.000000000000001e-01
	3.193159174021393e-04

 2845	2.823499999999914e-09
	7.000000000000001e-01
	3.193159174021055e-04

 2846	2.824499999999913e-09
	7.000000000000001e-01
	3.193159174021309e-04

 2847	2.825499999999913e-09
	7.000000000000001e-01
	3.193159174021309e-04

 2848	2.826499999999913e-09
	7.000000000000001e-01
	3.193159174020886e-04

 2849	2.827499999999913e-09
	7.000000000000001e-01
	3.193159174021139e-04

 2850	2.828499999999913e-09
	7.000000000000001e-01
	3.193159174021562e-04

 2851	2.829499999999913e-09
	7.000000000000001e-01
	3.193159174021393e-04

 2852	2.830499999999913e-09
	7.000000000000001e-01
	3.193159174021055e-04

 2853	2.831499999999913e-09
	7.000000000000001e-01
	3.193159174021309e-04

 2854	2.832499999999913e-09
	7.000000000000001e-01
	3.193159174021309e-04

 2855	2.833499999999913e-09
	7.000000000000001e-01
	3.193159174020886e-04

 2856	2.834499999999912e-09
	7.000000000000001e-01
	3.193159174021139e-04

 2857	2.835499999999912e-09
	7.000000000000001e-01
	3.193159174021562e-04

 2858	2.836499999999912e-09
	7.000000000000001e-01
	3.193159174021393e-04

 2859	2.837499999999912e-09
	7.000000000000001e-01
	3.193159174021055e-04

 2860	2.838499999999912e-09
	7.000000000000001e-01
	3.193159174021309e-04

 2861	2.839499999999912e-09
	7.000000000000001e-01
	3.193159174021309e-04

 2862	2.840499999999912e-09
	7.000000000000001e-01
	3.193159174020886e-04

 2863	2.841499999999912e-09
	7.000000000000001e-01
	3.193159174021139e-04

 2864	2.842499999999912e-09
	7.000000000000001e-01
	3.193159174021562e-04

 2865	2.843499999999911e-09
	7.000000000000001e-01
	3.193159174021393e-04

 2866	2.844499999999911e-09
	7.000000000000001e-01
	3.193159174021055e-04

 2867	2.845499999999911e-09
	7.000000000000001e-01
	3.193159174021309e-04

 2868	2.846499999999911e-09
	7.000000000000001e-01
	3.193159174021309e-04

 2869	2.847499999999911e-09
	7.000000000000001e-01
	3.193159174020886e-04

 2870	2.848499999999911e-09
	7.000000000000001e-01
	3.193159174021139e-04

 2871	2.849499999999911e-09
	7.000000000000001e-01
	3.193159174021562e-04

 2872	2.850499999999911e-09
	7.000000000000001e-01
	3.193159174021393e-04

 2873	2.851499999999911e-09
	7.000000000000001e-01
	3.193159174021055e-04

 2874	2.852499999999910e-09
	7.000000000000001e-01
	3.193159174021309e-04

 2875	2.853499999999910e-09
	7.000000000000001e-01
	3.193159174021309e-04

 2876	2.854499999999910e-09
	7.000000000000001e-01
	3.193159174020886e-04

 2877	2.855499999999910e-09
	7.000000000000001e-01
	3.193159174021139e-04

 2878	2.856499999999910e-09
	7.000000000000001e-01
	3.193159174021562e-04

 2879	2.857499999999910e-09
	7.000000000000001e-01
	3.193159174021393e-04

 2880	2.858499999999910e-09
	7.000000000000001e-01
	3.193159174021055e-04

 2881	2.859499999999910e-09
	7.000000000000001e-01
	3.193159174021309e-04

 2882	2.860499999999910e-09
	7.000000000000001e-01
	3.193159174021309e-04

 2883	2.861499999999910e-09
	7.000000000000001e-01
	3.193159174020886e-04

 2884	2.862499999999909e-09
	7.000000000000001e-01
	3.193159174021139e-04

 2885	2.863499999999909e-09
	7.000000000000001e-01
	3.193159174021562e-04

 2886	2.864499999999909e-09
	7.000000000000001e-01
	3.193159174021393e-04

 2887	2.865499999999909e-09
	7.000000000000001e-01
	3.193159174021055e-04

 2888	2.866499999999909e-09
	7.000000000000001e-01
	3.193159174021309e-04

 2889	2.867499999999909e-09
	7.000000000000001e-01
	3.193159174021309e-04

 2890	2.868499999999909e-09
	7.000000000000001e-01
	3.193159174020886e-04

 2891	2.869499999999909e-09
	7.000000000000001e-01
	3.193159174021139e-04

 2892	2.870499999999909e-09
	7.000000000000001e-01
	3.193159174021562e-04

 2893	2.871499999999908e-09
	7.000000000000001e-01
	3.193159174021393e-04

 2894	2.872499999999908e-09
	7.000000000000001e-01
	3.193159174021055e-04

 2895	2.873499999999908e-09
	7.000000000000001e-01
	3.193159174021309e-04

 2896	2.874499999999908e-09
	7.000000000000001e-01
	3.193159174021309e-04

 2897	2.875499999999908e-09
	7.000000000000001e-01
	3.193159174020886e-04

 2898	2.876499999999908e-09
	7.000000000000001e-01
	3.193159174021139e-04

 2899	2.877499999999908e-09
	7.000000000000001e-01
	3.193159174021562e-04

 2900	2.878499999999908e-09
	7.000000000000001e-01
	3.193159174021393e-04

 2901	2.879499999999908e-09
	7.000000000000001e-01
	3.193159174021055e-04

 2902	2.880499999999907e-09
	7.000000000000001e-01
	3.193159174021309e-04

 2903	2.881499999999907e-09
	7.000000000000001e-01
	3.193159174021309e-04

 2904	2.882499999999907e-09
	7.000000000000001e-01
	3.193159174020886e-04

 2905	2.883499999999907e-09
	7.000000000000001e-01
	3.193159174021139e-04

 2906	2.884499999999907e-09
	7.000000000000001e-01
	3.193159174021562e-04

 2907	2.885499999999907e-09
	7.000000000000001e-01
	3.193159174021393e-04

 2908	2.886499999999907e-09
	7.000000000000001e-01
	3.193159174021055e-04

 2909	2.887499999999907e-09
	7.000000000000001e-01
	3.193159174021309e-04

 2910	2.888499999999907e-09
	7.000000000000001e-01
	3.193159174021309e-04

 2911	2.889499999999907e-09
	7.000000000000001e-01
	3.193159174020886e-04

 2912	2.890499999999906e-09
	7.000000000000001e-01
	3.193159174021139e-04

 2913	2.891499999999906e-09
	7.000000000000001e-01
	3.193159174021562e-04

 2914	2.892499999999906e-09
	7.000000000000001e-01
	3.193159174021393e-04

 2915	2.893499999999906e-09
	7.000000000000001e-01
	3.193159174021055e-04

 2916	2.894499999999906e-09
	7.000000000000001e-01
	3.193159174021309e-04

 2917	2.895499999999906e-09
	7.000000000000001e-01
	3.193159174021309e-04

 2918	2.896499999999906e-09
	7.000000000000001e-01
	3.193159174020886e-04

 2919	2.897499999999906e-09
	7.000000000000001e-01
	3.193159174021139e-04

 2920	2.898499999999906e-09
	7.000000000000001e-01
	3.193159174021562e-04

 2921	2.899499999999905e-09
	7.000000000000001e-01
	3.193159174021393e-04

 2922	2.900499999999905e-09
	7.000000000000001e-01
	3.193159174021055e-04

 2923	2.901499999999905e-09
	7.000000000000001e-01
	3.193159174021309e-04

 2924	2.902499999999905e-09
	7.000000000000001e-01
	3.193159174021309e-04

 2925	2.903499999999905e-09
	7.000000000000001e-01
	3.193159174020886e-04

 2926	2.904499999999905e-09
	7.000000000000001e-01
	3.193159174021139e-04

 2927	2.905499999999905e-09
	7.000000000000001e-01
	3.193159174021562e-04

 2928	2.906499999999905e-09
	7.000000000000001e-01
	3.193159174021393e-04

 2929	2.907499999999905e-09
	7.000000000000001e-01
	3.193159174021055e-04

 2930	2.908499999999904e-09
	7.000000000000001e-01
	3.193159174021309e-04

 2931	2.909499999999904e-09
	7.000000000000001e-01
	3.193159174021309e-04

 2932	2.910499999999904e-09
	7.000000000000001e-01
	3.193159174020886e-04

 2933	2.911499999999904e-09
	7.000000000000001e-01
	3.193159174021139e-04

 2934	2.912499999999904e-09
	7.000000000000001e-01
	3.193159174021562e-04

 2935	2.913499999999904e-09
	7.000000000000001e-01
	3.193159174021393e-04

 2936	2.914499999999904e-09
	7.000000000000001e-01
	3.193159174021055e-04

 2937	2.915499999999904e-09
	7.000000000000001e-01
	3.193159174021309e-04

 2938	2.916499999999904e-09
	7.000000000000001e-01
	3.193159174021309e-04

 2939	2.917499999999904e-09
	7.000000000000001e-01
	3.193159174020886e-04

 2940	2.918499999999903e-09
	7.000000000000001e-01
	3.193159174021139e-04

 2941	2.919499999999903e-09
	7.000000000000001e-01
	3.193159174021562e-04

 2942	2.920499999999903e-09
	7.000000000000001e-01
	3.193159174021393e-04

 2943	2.921499999999903e-09
	7.000000000000001e-01
	3.193159174021055e-04

 2944	2.922499999999903e-09
	7.000000000000001e-01
	3.193159174021309e-04

 2945	2.923499999999903e-09
	7.000000000000001e-01
	3.193159174021309e-04

 2946	2.924499999999903e-09
	7.000000000000001e-01
	3.193159174020886e-04

 2947	2.925499999999903e-09
	7.000000000000001e-01
	3.193159174021139e-04

 2948	2.926499999999903e-09
	7.000000000000001e-01
	3.193159174021562e-04

 2949	2.927499999999902e-09
	7.000000000000001e-01
	3.193159174021393e-04

 2950	2.928499999999902e-09
	7.000000000000001e-01
	3.193159174021055e-04

 2951	2.929499999999902e-09
	7.000000000000001e-01
	3.193159174021309e-04

 2952	2.930499999999902e-09
	7.000000000000001e-01
	3.193159174021309e-04

 2953	2.931499999999902e-09
	7.000000000000001e-01
	3.193159174020886e-04

 2954	2.932499999999902e-09
	7.000000000000001e-01
	3.193159174021139e-04

 2955	2.933499999999902e-09
	7.000000000000001e-01
	3.193159174021562e-04

 2956	2.934499999999902e-09
	7.000000000000001e-01
	3.193159174021393e-04

 2957	2.935499999999902e-09
	7.000000000000001e-01
	3.193159174021055e-04

 2958	2.936499999999902e-09
	7.000000000000001e-01
	3.193159174021309e-04

 2959	2.937499999999901e-09
	7.000000000000001e-01
	3.193159174021309e-04

 2960	2.938499999999901e-09
	7.000000000000001e-01
	3.193159174020886e-04

 2961	2.939499999999901e-09
	7.000000000000001e-01
	3.193159174021139e-04

 2962	2.940499999999901e-09
	7.000000000000001e-01
	3.193159174021562e-04

 2963	2.941499999999901e-09
	7.000000000000001e-01
	3.193159174021393e-04

 2964	2.942499999999901e-09
	7.000000000000001e-01
	3.193159174021055e-04

 2965	2.943499999999901e-09
	7.000000000000001e-01
	3.193159174021309e-04

 2966	2.944499999999901e-09
	7.000000000000001e-01
	3.193159174021309e-04

 2967	2.945499999999901e-09
	7.000000000000001e-01
	3.193159174020886e-04

 2968	2.946499999999900e-09
	7.000000000000001e-01
	3.193159174021139e-04

 2969	2.947499999999900e-09
	7.000000000000001e-01
	3.193159174021562e-04

 2970	2.948499999999900e-09
	7.000000000000001e-01
	3.193159174021393e-04

 2971	2.949499999999900e-09
	7.000000000000001e-01
	3.193159174021055e-04

 2972	2.950499999999900e-09
	7.000000000000001e-01
	3.193159174021309e-04

 2973	2.951499999999900e-09
	7.000000000000001e-01
	3.193159174021309e-04

 2974	2.952499999999900e-09
	7.000000000000001e-01
	3.193159174020886e-04

 2975	2.953499999999900e-09
	7.000000000000001e-01
	3.193159174021139e-04

 2976	2.954499999999900e-09
	7.000000000000001e-01
	3.193159174021562e-04

 2977	2.955499999999899e-09
	7.000000000000001e-01
	3.193159174021393e-04

 2978	2.956499999999899e-09
	7.000000000000001e-01
	3.193159174021055e-04

 2979	2.957499999999899e-09
	7.000000000000001e-01
	3.193159174021309e-04

 2980	2.958499999999899e-09
	7.000000000000001e-01
	3.193159174021309e-04

 2981	2.959499999999899e-09
	7.000000000000001e-01
	3.193159174020886e-04

 2982	2.960499999999899e-09
	7.000000000000001e-01
	3.193159174021139e-04

 2983	2.961499999999899e-09
	7.000000000000001e-01
	3.193159174021562e-04

 2984	2.962499999999899e-09
	7.000000000000001e-01
	3.193159174021393e-04

 2985	2.963499999999899e-09
	7.000000000000001e-01
	3.193159174021055e-04

 2986	2.964499999999899e-09
	7.000000000000001e-01
	3.193159174021309e-04

 2987	2.965499999999898e-09
	7.000000000000001e-01
	3.193159174021309e-04

 2988	2.966499999999898e-09
	7.000000000000001e-01
	3.193159174020886e-04

 2989	2.967499999999898e-09
	7.000000000000001e-01
	3.193159174021139e-04

 2990	2.968499999999898e-09
	7.000000000000001e-01
	3.193159174021562e-04

 2991	2.969499999999898e-09
	7.000000000000001e-01
	3.193159174021393e-04

 2992	2.970499999999898e-09
	7.000000000000001e-01
	3.193159174021055e-04

 2993	2.971499999999898e-09
	7.000000000000001e-01
	3.193159174021309e-04

 2994	2.972499999999898e-09
	7.000000000000001e-01
	3.193159174021309e-04

 2995	2.973499999999898e-09
	7.000000000000001e-01
	3.193159174020886e-04

 2996	2.974499999999897e-09
	7.000000000000001e-01
	3.193159174021139e-04

 2997	2.975499999999897e-09
	7.000000000000001e-01
	3.193159174021562e-04

 2998	2.976499999999897e-09
	7.000000000000001e-01
	3.193159174021393e-04

 2999	2.977499999999897e-09
	7.000000000000001e-01
	3.193159174021055e-04

 3000	2.978499999999897e-09
	7.000000000000001e-01
	3.193159174021309e-04

 3001	2.979499999999897e-09
	7.000000000000001e-01
	3.193159174021309e-04

 3002	2.980499999999897e-09
	7.000000000000001e-01
	3.193159174020886e-04

 3003	2.981499999999897e-09
	7.000000000000001e-01
	3.193159174021139e-04

 3004	2.982499999999897e-09
	7.000000000000001e-01
	3.193159174021562e-04

 3005	2.983499999999896e-09
	7.000000000000001e-01
	3.193159174021393e-04

 3006	2.984499999999896e-09
	7.000000000000001e-01
	3.193159174021055e-04

 3007	2.985499999999896e-09
	7.000000000000001e-01
	3.193159174021309e-04

 3008	2.986499999999896e-09
	7.000000000000001e-01
	3.193159174021309e-04

 3009	2.987499999999896e-09
	7.000000000000001e-01
	3.193159174020886e-04

 3010	2.988499999999896e-09
	7.000000000000001e-01
	3.193159174021139e-04

 3011	2.989499999999896e-09
	7.000000000000001e-01
	3.193159174021562e-04

 3012	2.990499999999896e-09
	7.000000000000001e-01
	3.193159174021393e-04

 3013	2.991499999999896e-09
	7.000000000000001e-01
	3.193159174021055e-04

 3014	2.992499999999896e-09
	7.000000000000001e-01
	3.193159174021309e-04

 3015	2.993499999999895e-09
	7.000000000000001e-01
	3.193159174021309e-04

 3016	2.994499999999895e-09
	7.000000000000001e-01
	3.193159174020886e-04

 3017	2.995499999999895e-09
	7.000000000000001e-01
	3.193159174021139e-04

 3018	2.996499999999895e-09
	7.000000000000001e-01
	3.193159174021562e-04

 3019	2.997499999999895e-09
	7.000000000000001e-01
	3.193159174021393e-04

 3020	2.998499999999895e-09
	7.000000000000001e-01
	3.193159174021055e-04

 3021	2.999499999999895e-09
	7.000000000000001e-01
	3.193159174021309e-04

 3022	3.000499999999895e-09
	7.000000000000001e-01
	3.193159174021309e-04

 3023	3.001499999999895e-09
	7.000000000000001e-01
	3.193159174020886e-04

 3024	3.002499999999894e-09
	7.000000000000001e-01
	3.193159174021139e-04

 3025	3.003499999999894e-09
	7.000000000000001e-01
	3.193159174021562e-04

 3026	3.004499999999894e-09
	7.000000000000001e-01
	3.193159174021393e-04

 3027	3.005499999999894e-09
	7.000000000000001e-01
	3.193159174021055e-04

 3028	3.006499999999894e-09
	7.000000000000001e-01
	3.193159174021309e-04

 3029	3.007499999999894e-09
	7.000000000000001e-01
	3.193159174021309e-04

 3030	3.008499999999894e-09
	7.000000000000001e-01
	3.193159174020886e-04

 3031	3.009249999999947e-09
	7.000000000000001e-01
	3.193159174020971e-04

 3032	3.010000000000000e-09
	7.000000000000001e-01
	3.193159174021135e-04

 3033	3.010100000000000e-09
	6.929999999999980e-01
	-3.931443182485281e-04

 3034	3.010300000000000e-09
	6.789999999999936e-01
	-1.687140306894067e-03

 3035	3.010700000000000e-09
	6.509999999999850e-01
	-3.560486169767453e-03

 3036	3.011500000000000e-09
	5.949999999999968e-01
	-4.586066383720802e-03

 3037	3.012500000000000e-09
	5.250000000000042e-01
	5.763203743131055e-04

 3038	3.013500000000000e-09
	4.550000000000117e-01
	1.558018719268331e-02

 3039	3.014500000000000e-09
	3.850000000000192e-01
	4.341328688453546e-02

 3040	3.015500000000000e-09
	3.150000000000267e-01
	9.005823167184214e-02

 3041	3.016500000000000e-09
	2.450000000000341e-01
	1.674667897812539e-01

 3042	3.017500000000000e-09
	1.750000000000416e-01
	2.768599850999321e-01

 3043	3.018499999999999e-09
	1.050000000000491e-01
	3.982757347233059e-01

 3044	3.019250000000000e-09
	5.250000000001842e-02
	4.814618402038068e-01

 3045	3.020000000000000e-09
	1.687538997430238e-14
	5.485789537258000e-01

 3046	3.020100000000000e-09
	0.000000000000000e+00
	5.566908087901441e-01

 3047	3.020300000000000e-09
	0.000000000000000e+00
	5.721269223182839e-01

 3048	3.020700000000000e-09
	0.000000000000000e+00
	5.986184857882143e-01

 3049	3.021500000000000e-09
	0.000000000000000e+00
	6.372798760252999e-01

 3050	3.022500000000000e-09
	0.000000000000000e+00
	6.662002778440300e-01

 3051	3.023500000000000e-09
	0.000000000000000e+00
	6.818614062685260e-01

 3052	3.024500000000000e-09
	0.000000000000000e+00
	6.902429943537338e-01

 3053	3.025500000000000e-09
	0.000000000000000e+00
	6.947071842919849e-01

 3054	3.026499999999999e-09
	0.000000000000000e+00
	6.970798772190229e-01

 3055	3.027499999999999e-09
	0.000000000000000e+00
	6.983398001129870e-01

 3056	3.028499999999999e-09
	0.000000000000000e+00
	6.990084022438919e-01

 3057	3.029499999999999e-09
	0.000000000000000e+00
	6.993629776326166e-01

 3058	3.030499999999999e-09
	0.000000000000000e+00
	6.995510640637204e-01

 3059	3.031499999999999e-09
	0.000000000000000e+00
	6.996508157697344e-01

 3060	3.032499999999999e-09
	0.000000000000000e+00
	6.997037195879475e-01

 3061	3.033499999999999e-09
	0.000000000000000e+00
	6.997317775232920e-01

 3062	3.034499999999999e-09
	0.000000000000000e+00
	6.997466582951823e-01

 3063	3.035499999999998e-09
	0.000000000000000e+00
	6.997545504531015e-01

 3064	3.036499999999998e-09
	0.000000000000000e+00
	6.997587361364412e-01

 3065	3.037499999999998e-09
	0.000000000000000e+00
	6.997609560554434e-01

 3066	3.038499999999998e-09
	0.000000000000000e+00
	6.997621334119030e-01

 3067	3.039499999999998e-09
	0.000000000000000e+00
	6.997627578348533e-01

 3068	3.040499999999998e-09
	0.000000000000000e+00
	6.997630890039216e-01

 3069	3.041499999999998e-09
	0.000000000000000e+00
	6.997632646428134e-01

 3070	3.042499999999998e-09
	0.000000000000000e+00
	6.997633577946917e-01

 3071	3.043499999999998e-09
	0.000000000000000e+00
	6.997634071987412e-01

 3072	3.044499999999997e-09
	0.000000000000000e+00
	6.997634334006833e-01

 3073	3.045499999999997e-09
	0.000000000000000e+00
	6.997634472971508e-01

 3074	3.046499999999997e-09
	0.000000000000000e+00
	6.997634546672842e-01

 3075	3.047499999999997e-09
	0.000000000000000e+00
	6.997634585761100e-01

 3076	3.048499999999997e-09
	0.000000000000000e+00
	6.997634606491956e-01

 3077	3.049499999999997e-09
	0.000000000000000e+00
	6.997634617486775e-01

 3078	3.050499999999997e-09
	0.000000000000000e+00
	6.997634623317992e-01

 3079	3.051499999999997e-09
	0.000000000000000e+00
	6.997634626410639e-01

 3080	3.052499999999997e-09
	0.000000000000000e+00
	6.997634628050854e-01

 3081	3.053499999999997e-09
	0.000000000000000e+00
	6.997634628920759e-01

 3082	3.054499999999996e-09
	0.000000000000000e+00
	6.997634629382121e-01

 3083	3.055499999999996e-09
	0.000000000000000e+00
	6.997634629626809e-01

 3084	3.056499999999996e-09
	0.000000000000000e+00
	6.997634629756581e-01

 3085	3.057499999999996e-09
	0.000000000000000e+00
	6.997634629825406e-01

 3086	3.058499999999996e-09
	0.000000000000000e+00
	6.997634629861907e-01

 3087	3.059499999999996e-09
	0.000000000000000e+00
	6.997634629881269e-01

 3088	3.060499999999996e-09
	0.000000000000000e+00
	6.997634629891538e-01

 3089	3.061499999999996e-09
	0.000000000000000e+00
	6.997634629896984e-01

 3090	3.062499999999996e-09
	0.000000000000000e+00
	6.997634629899874e-01

 3091	3.063499999999995e-09
	0.000000000000000e+00
	6.997634629901405e-01

 3092	3.064499999999995e-09
	0.000000000000000e+00
	6.997634629902216e-01

 3093	3.065499999999995e-09
	0.000000000000000e+00
	6.997634629902649e-01

 3094	3.066499999999995e-09
	0.000000000000000e+00
	6.997634629902880e-01

 3095	3.067499999999995e-09
	0.000000000000000e+00
	6.997634629903001e-01

 3096	3.068499999999995e-09
	0.000000000000000e+00
	6.997634629903062e-01

 3097	3.069499999999995e-09
	0.000000000000000e+00
	6.997634629903097e-01

 3098	3.070499999999995e-09
	0.000000000000000e+00
	6.997634629903117e-01

 3099	3.071499999999995e-09
	0.000000000000000e+00
	6.997634629903127e-01

 3100	3.072499999999995e-09
	0.000000000000000e+00
	6.997634629903134e-01

 3101	3.073499999999994e-09
	0.000000000000000e+00
	6.997634629903138e-01

 3102	3.074499999999994e-09
	0.000000000000000e+00
	6.997634629903139e-01

 3103	3.075499999999994e-09
	0.000000000000000e+00
	6.997634629903138e-01

 3104	3.076499999999994e-09
	0.000000000000000e+00
	6.997634629903138e-01

 3105	3.077499999999994e-09
	0.000000000000000e+00
	6.997634629903140e-01

 3106	3.078499999999994e-09
	0.000000000000000e+00
	6.997634629903138e-01

 3107	3.079499999999994e-09
	0.000000000000000e+00
	6.997634629903138e-01

 3108	3.080499999999994e-09
	0.000000000000000e+00
	6.997634629903140e-01

 3109	3.081499999999994e-09
	0.000000000000000e+00
	6.997634629903138e-01

 3110	3.082499999999993e-09
	0.000000000000000e+00
	6.997634629903138e-01

 3111	3.083499999999993e-09
	0.000000000000000e+00
	6.997634629903140e-01

 3112	3.084499999999993e-09
	0.000000000000000e+00
	6.997634629903138e-01

 3113	3.085499999999993e-09
	0.000000000000000e+00
	6.997634629903138e-01

 3114	3.086499999999993e-09
	0.000000000000000e+00
	6.997634629903140e-01

 3115	3.087499999999993e-09
	0.000000000000000e+00
	6.997634629903138e-01

 3116	3.088499999999993e-09
	0.000000000000000e+00
	6.997634629903138e-01

 3117	3.089499999999993e-09
	0.000000000000000e+00
	6.997634629903140e-01

 3118	3.090499999999993e-09
	0.000000000000000e+00
	6.997634629903138e-01

 3119	3.091499999999992e-09
	0.000000000000000e+00
	6.997634629903138e-01

 3120	3.092499999999992e-09
	0.000000000000000e+00
	6.997634629903140e-01

 3121	3.093499999999992e-09
	0.000000000000000e+00
	6.997634629903138e-01

 3122	3.094499999999992e-09
	0.000000000000000e+00
	6.997634629903138e-01

 3123	3.095499999999992e-09
	0.000000000000000e+00
	6.997634629903140e-01

 3124	3.096499999999992e-09
	0.000000000000000e+00
	6.997634629903138e-01

 3125	3.097499999999992e-09
	0.000000000000000e+00
	6.997634629903138e-01

 3126	3.098499999999992e-09
	0.000000000000000e+00
	6.997634629903140e-01

 3127	3.099499999999992e-09
	0.000000000000000e+00
	6.997634629903138e-01

 3128	3.100499999999992e-09
	0.000000000000000e+00
	6.997634629903138e-01

 3129	3.101499999999991e-09
	0.000000000000000e+00
	6.997634629903140e-01

 3130	3.102499999999991e-09
	0.000000000000000e+00
	6.997634629903138e-01

 3131	3.103499999999991e-09
	0.000000000000000e+00
	6.997634629903138e-01

 3132	3.104499999999991e-09
	0.000000000000000e+00
	6.997634629903140e-01

 3133	3.105499999999991e-09
	0.000000000000000e+00
	6.997634629903138e-01

 3134	3.106499999999991e-09
	0.000000000000000e+00
	6.997634629903138e-01

 3135	3.107499999999991e-09
	0.000000000000000e+00
	6.997634629903140e-01

 3136	3.108499999999991e-09
	0.000000000000000e+00
	6.997634629903138e-01

 3137	3.109499999999991e-09
	0.000000000000000e+00
	6.997634629903138e-01

 3138	3.110499999999990e-09
	0.000000000000000e+00
	6.997634629903140e-01

 3139	3.111499999999990e-09
	0.000000000000000e+00
	6.997634629903138e-01

 3140	3.112499999999990e-09
	0.000000000000000e+00
	6.997634629903138e-01

 3141	3.113499999999990e-09
	0.000000000000000e+00
	6.997634629903140e-01

 3142	3.114499999999990e-09
	0.000000000000000e+00
	6.997634629903138e-01

 3143	3.115499999999990e-09
	0.000000000000000e+00
	6.997634629903138e-01

 3144	3.116499999999990e-09
	0.000000000000000e+00
	6.997634629903140e-01

 3145	3.117499999999990e-09
	0.000000000000000e+00
	6.997634629903138e-01

 3146	3.118499999999990e-09
	0.000000000000000e+00
	6.997634629903138e-01

 3147	3.119499999999989e-09
	0.000000000000000e+00
	6.997634629903140e-01

 3148	3.120499999999989e-09
	0.000000000000000e+00
	6.997634629903138e-01

 3149	3.121499999999989e-09
	0.000000000000000e+00
	6.997634629903138e-01

 3150	3.122499999999989e-09
	0.000000000000000e+00
	6.997634629903140e-01

 3151	3.123499999999989e-09
	0.000000000000000e+00
	6.997634629903138e-01

 3152	3.124499999999989e-09
	0.000000000000000e+00
	6.997634629903138e-01

 3153	3.125499999999989e-09
	0.000000000000000e+00
	6.997634629903140e-01

 3154	3.126499999999989e-09
	0.000000000000000e+00
	6.997634629903138e-01

 3155	3.127499999999989e-09
	0.000000000000000e+00
	6.997634629903138e-01

 3156	3.128499999999989e-09
	0.000000000000000e+00
	6.997634629903140e-01

 3157	3.129499999999988e-09
	0.000000000000000e+00
	6.997634629903138e-01

 3158	3.130499999999988e-09
	0.000000000000000e+00
	6.997634629903138e-01

 3159	3.131499999999988e-09
	0.000000000000000e+00
	6.997634629903140e-01

 3160	3.132499999999988e-09
	0.000000000000000e+00
	6.997634629903138e-01

 3161	3.133499999999988e-09
	0.000000000000000e+00
	6.997634629903138e-01

 3162	3.134499999999988e-09
	0.000000000000000e+00
	6.997634629903140e-01

 3163	3.135499999999988e-09
	0.000000000000000e+00
	6.997634629903138e-01

 3164	3.136499999999988e-09
	0.000000000000000e+00
	6.997634629903138e-01

 3165	3.137499999999988e-09
	0.000000000000000e+00
	6.997634629903140e-01

 3166	3.138499999999987e-09
	0.000000000000000e+00
	6.997634629903138e-01

 3167	3.139499999999987e-09
	0.000000000000000e+00
	6.997634629903138e-01

 3168	3.140499999999987e-09
	0.000000000000000e+00
	6.997634629903140e-01

 3169	3.141499999999987e-09
	0.000000000000000e+00
	6.997634629903138e-01

 3170	3.142499999999987e-09
	0.000000000000000e+00
	6.997634629903138e-01

 3171	3.143499999999987e-09
	0.000000000000000e+00
	6.997634629903140e-01

 3172	3.144499999999987e-09
	0.000000000000000e+00
	6.997634629903138e-01

 3173	3.145499999999987e-09
	0.000000000000000e+00
	6.997634629903138e-01

 3174	3.146499999999987e-09
	0.000000000000000e+00
	6.997634629903140e-01

 3175	3.147499999999986e-09
	0.000000000000000e+00
	6.997634629903138e-01

 3176	3.148499999999986e-09
	0.000000000000000e+00
	6.997634629903138e-01

 3177	3.149499999999986e-09
	0.000000000000000e+00
	6.997634629903140e-01

 3178	3.150499999999986e-09
	0.000000000000000e+00
	6.997634629903138e-01

 3179	3.151499999999986e-09
	0.000000000000000e+00
	6.997634629903138e-01

 3180	3.152499999999986e-09
	0.000000000000000e+00
	6.997634629903140e-01

 3181	3.153499999999986e-09
	0.000000000000000e+00
	6.997634629903138e-01

 3182	3.154499999999986e-09
	0.000000000000000e+00
	6.997634629903138e-01

 3183	3.155499999999986e-09
	0.000000000000000e+00
	6.997634629903140e-01

 3184	3.156499999999986e-09
	0.000000000000000e+00
	6.997634629903138e-01

 3185	3.157499999999985e-09
	0.000000000000000e+00
	6.997634629903138e-01

 3186	3.158499999999985e-09
	0.000000000000000e+00
	6.997634629903140e-01

 3187	3.159499999999985e-09
	0.000000000000000e+00
	6.997634629903138e-01

 3188	3.160499999999985e-09
	0.000000000000000e+00
	6.997634629903138e-01

 3189	3.161499999999985e-09
	0.000000000000000e+00
	6.997634629903140e-01

 3190	3.162499999999985e-09
	0.000000000000000e+00
	6.997634629903138e-01

 3191	3.163499999999985e-09
	0.000000000000000e+00
	6.997634629903138e-01

 3192	3.164499999999985e-09
	0.000000000000000e+00
	6.997634629903140e-01

 3193	3.165499999999985e-09
	0.000000000000000e+00
	6.997634629903138e-01

 3194	3.166499999999984e-09
	0.000000000000000e+00
	6.997634629903138e-01

 3195	3.167499999999984e-09
	0.000000000000000e+00
	6.997634629903140e-01

 3196	3.168499999999984e-09
	0.000000000000000e+00
	6.997634629903138e-01

 3197	3.169499999999984e-09
	0.000000000000000e+00
	6.997634629903138e-01

 3198	3.170499999999984e-09
	0.000000000000000e+00
	6.997634629903140e-01

 3199	3.171499999999984e-09
	0.000000000000000e+00
	6.997634629903138e-01

 3200	3.172499999999984e-09
	0.000000000000000e+00
	6.997634629903138e-01

 3201	3.173499999999984e-09
	0.000000000000000e+00
	6.997634629903140e-01

 3202	3.174499999999984e-09
	0.000000000000000e+00
	6.997634629903138e-01

 3203	3.175499999999984e-09
	0.000000000000000e+00
	6.997634629903138e-01

 3204	3.176499999999983e-09
	0.000000000000000e+00
	6.997634629903140e-01

 3205	3.177499999999983e-09
	0.000000000000000e+00
	6.997634629903138e-01

 3206	3.178499999999983e-09
	0.000000000000000e+00
	6.997634629903138e-01

 3207	3.179499999999983e-09
	0.000000000000000e+00
	6.997634629903140e-01

 3208	3.180499999999983e-09
	0.000000000000000e+00
	6.997634629903138e-01

 3209	3.181499999999983e-09
	0.000000000000000e+00
	6.997634629903138e-01

 3210	3.182499999999983e-09
	0.000000000000000e+00
	6.997634629903140e-01

 3211	3.183499999999983e-09
	0.000000000000000e+00
	6.997634629903138e-01

 3212	3.184499999999983e-09
	0.000000000000000e+00
	6.997634629903138e-01

 3213	3.185499999999982e-09
	0.000000000000000e+00
	6.997634629903140e-01

 3214	3.186499999999982e-09
	0.000000000000000e+00
	6.997634629903138e-01

 3215	3.187499999999982e-09
	0.000000000000000e+00
	6.997634629903138e-01

 3216	3.188499999999982e-09
	0.000000000000000e+00
	6.997634629903140e-01

 3217	3.189499999999982e-09
	0.000000000000000e+00
	6.997634629903138e-01

 3218	3.190499999999982e-09
	0.000000000000000e+00
	6.997634629903138e-01

 3219	3.191499999999982e-09
	0.000000000000000e+00
	6.997634629903140e-01

 3220	3.192499999999982e-09
	0.000000000000000e+00
	6.997634629903138e-01

 3221	3.193499999999982e-09
	0.000000000000000e+00
	6.997634629903138e-01

 3222	3.194499999999981e-09
	0.000000000000000e+00
	6.997634629903140e-01

 3223	3.195499999999981e-09
	0.000000000000000e+00
	6.997634629903138e-01

 3224	3.196499999999981e-09
	0.000000000000000e+00
	6.997634629903138e-01

 3225	3.197499999999981e-09
	0.000000000000000e+00
	6.997634629903140e-01

 3226	3.198499999999981e-09
	0.000000000000000e+00
	6.997634629903138e-01

 3227	3.199499999999981e-09
	0.000000000000000e+00
	6.997634629903138e-01

 3228	3.200499999999981e-09
	0.000000000000000e+00
	6.997634629903140e-01

 3229	3.201499999999981e-09
	0.000000000000000e+00
	6.997634629903138e-01

 3230	3.202499999999981e-09
	0.000000000000000e+00
	6.997634629903138e-01

 3231	3.203499999999981e-09
	0.000000000000000e+00
	6.997634629903140e-01

 3232	3.204499999999980e-09
	0.000000000000000e+00
	6.997634629903138e-01

 3233	3.205499999999980e-09
	0.000000000000000e+00
	6.997634629903138e-01

 3234	3.206499999999980e-09
	0.000000000000000e+00
	6.997634629903140e-01

 3235	3.207499999999980e-09
	0.000000000000000e+00
	6.997634629903138e-01

 3236	3.208499999999980e-09
	0.000000000000000e+00
	6.997634629903138e-01

 3237	3.209499999999980e-09
	0.000000000000000e+00
	6.997634629903140e-01

 3238	3.210499999999980e-09
	0.000000000000000e+00
	6.997634629903138e-01

 3239	3.211499999999980e-09
	0.000000000000000e+00
	6.997634629903138e-01

 3240	3.212499999999980e-09
	0.000000000000000e+00
	6.997634629903140e-01

 3241	3.213499999999979e-09
	0.000000000000000e+00
	6.997634629903138e-01

 3242	3.214499999999979e-09
	0.000000000000000e+00
	6.997634629903138e-01

 3243	3.215499999999979e-09
	0.000000000000000e+00
	6.997634629903140e-01

 3244	3.216499999999979e-09
	0.000000000000000e+00
	6.997634629903138e-01

 3245	3.217499999999979e-09
	0.000000000000000e+00
	6.997634629903138e-01

 3246	3.218499999999979e-09
	0.000000000000000e+00
	6.997634629903140e-01

 3247	3.219499999999979e-09
	0.000000000000000e+00
	6.997634629903138e-01

 3248	3.220499999999979e-09
	0.000000000000000e+00
	6.997634629903138e-01

 3249	3.221499999999979e-09
	0.000000000000000e+00
	6.997634629903140e-01

 3250	3.222499999999978e-09
	0.000000000000000e+00
	6.997634629903138e-01

 3251	3.223499999999978e-09
	0.000000000000000e+00
	6.997634629903138e-01

 3252	3.224499999999978e-09
	0.000000000000000e+00
	6.997634629903140e-01

 3253	3.225499999999978e-09
	0.000000000000000e+00
	6.997634629903138e-01

 3254	3.226499999999978e-09
	0.000000000000000e+00
	6.997634629903138e-01

 3255	3.227499999999978e-09
	0.000000000000000e+00
	6.997634629903140e-01

 3256	3.228499999999978e-09
	0.000000000000000e+00
	6.997634629903138e-01

 3257	3.229499999999978e-09
	0.000000000000000e+00
	6.997634629903138e-01

 3258	3.230499999999978e-09
	0.000000000000000e+00
	6.997634629903140e-01

 3259	3.231499999999978e-09
	0.000000000000000e+00
	6.997634629903138e-01

 3260	3.232499999999977e-09
	0.000000000000000e+00
	6.997634629903138e-01

 3261	3.233499999999977e-09
	0.000000000000000e+00
	6.997634629903140e-01

 3262	3.234499999999977e-09
	0.000000000000000e+00
	6.997634629903138e-01

 3263	3.235499999999977e-09
	0.000000000000000e+00
	6.997634629903138e-01

 3264	3.236499999999977e-09
	0.000000000000000e+00
	6.997634629903140e-01

 3265	3.237499999999977e-09
	0.000000000000000e+00
	6.997634629903138e-01

 3266	3.238499999999977e-09
	0.000000000000000e+00
	6.997634629903138e-01

 3267	3.239499999999977e-09
	0.000000000000000e+00
	6.997634629903140e-01

 3268	3.240499999999977e-09
	0.000000000000000e+00
	6.997634629903138e-01

 3269	3.241499999999976e-09
	0.000000000000000e+00
	6.997634629903138e-01

 3270	3.242499999999976e-09
	0.000000000000000e+00
	6.997634629903140e-01

 3271	3.243499999999976e-09
	0.000000000000000e+00
	6.997634629903138e-01

 3272	3.244499999999976e-09
	0.000000000000000e+00
	6.997634629903138e-01

 3273	3.245499999999976e-09
	0.000000000000000e+00
	6.997634629903140e-01

 3274	3.246499999999976e-09
	0.000000000000000e+00
	6.997634629903138e-01

 3275	3.247499999999976e-09
	0.000000000000000e+00
	6.997634629903138e-01

 3276	3.248499999999976e-09
	0.000000000000000e+00
	6.997634629903140e-01

 3277	3.249499999999976e-09
	0.000000000000000e+00
	6.997634629903138e-01

 3278	3.250499999999975e-09
	0.000000000000000e+00
	6.997634629903138e-01

 3279	3.251499999999975e-09
	0.000000000000000e+00
	6.997634629903140e-01

 3280	3.252499999999975e-09
	0.000000000000000e+00
	6.997634629903138e-01

 3281	3.253499999999975e-09
	0.000000000000000e+00
	6.997634629903138e-01

 3282	3.254499999999975e-09
	0.000000000000000e+00
	6.997634629903140e-01

 3283	3.255499999999975e-09
	0.000000000000000e+00
	6.997634629903138e-01

 3284	3.256499999999975e-09
	0.000000000000000e+00
	6.997634629903138e-01

 3285	3.257499999999975e-09
	0.000000000000000e+00
	6.997634629903140e-01

 3286	3.258499999999975e-09
	0.000000000000000e+00
	6.997634629903138e-01

 3287	3.259499999999975e-09
	0.000000000000000e+00
	6.997634629903138e-01

 3288	3.260499999999974e-09
	0.000000000000000e+00
	6.997634629903140e-01

 3289	3.261499999999974e-09
	0.000000000000000e+00
	6.997634629903138e-01

 3290	3.262499999999974e-09
	0.000000000000000e+00
	6.997634629903138e-01

 3291	3.263499999999974e-09
	0.000000000000000e+00
	6.997634629903140e-01

 3292	3.264499999999974e-09
	0.000000000000000e+00
	6.997634629903138e-01

 3293	3.265499999999974e-09
	0.000000000000000e+00
	6.997634629903138e-01

 3294	3.266499999999974e-09
	0.000000000000000e+00
	6.997634629903140e-01

 3295	3.267499999999974e-09
	0.000000000000000e+00
	6.997634629903138e-01

 3296	3.268499999999974e-09
	0.000000000000000e+00
	6.997634629903138e-01

 3297	3.269499999999973e-09
	0.000000000000000e+00
	6.997634629903140e-01

 3298	3.270499999999973e-09
	0.000000000000000e+00
	6.997634629903138e-01

 3299	3.271499999999973e-09
	0.000000000000000e+00
	6.997634629903138e-01

 3300	3.272499999999973e-09
	0.000000000000000e+00
	6.997634629903140e-01

 3301	3.273499999999973e-09
	0.000000000000000e+00
	6.997634629903138e-01

 3302	3.274499999999973e-09
	0.000000000000000e+00
	6.997634629903138e-01

 3303	3.275499999999973e-09
	0.000000000000000e+00
	6.997634629903140e-01

 3304	3.276499999999973e-09
	0.000000000000000e+00
	6.997634629903138e-01

 3305	3.277499999999973e-09
	0.000000000000000e+00
	6.997634629903138e-01

 3306	3.278499999999972e-09
	0.000000000000000e+00
	6.997634629903140e-01

 3307	3.279499999999972e-09
	0.000000000000000e+00
	6.997634629903138e-01

 3308	3.280499999999972e-09
	0.000000000000000e+00
	6.997634629903138e-01

 3309	3.281499999999972e-09
	0.000000000000000e+00
	6.997634629903140e-01

 3310	3.282499999999972e-09
	0.000000000000000e+00
	6.997634629903138e-01

 3311	3.283499999999972e-09
	0.000000000000000e+00
	6.997634629903138e-01

 3312	3.284499999999972e-09
	0.000000000000000e+00
	6.997634629903140e-01

 3313	3.285499999999972e-09
	0.000000000000000e+00
	6.997634629903138e-01

 3314	3.286499999999972e-09
	0.000000000000000e+00
	6.997634629903138e-01

 3315	3.287499999999972e-09
	0.000000000000000e+00
	6.997634629903140e-01

 3316	3.288499999999971e-09
	0.000000000000000e+00
	6.997634629903138e-01

 3317	3.289499999999971e-09
	0.000000000000000e+00
	6.997634629903138e-01

 3318	3.290499999999971e-09
	0.000000000000000e+00
	6.997634629903140e-01

 3319	3.291499999999971e-09
	0.000000000000000e+00
	6.997634629903138e-01

 3320	3.292499999999971e-09
	0.000000000000000e+00
	6.997634629903138e-01

 3321	3.293499999999971e-09
	0.000000000000000e+00
	6.997634629903140e-01

 3322	3.294499999999971e-09
	0.000000000000000e+00
	6.997634629903138e-01

 3323	3.295499999999971e-09
	0.000000000000000e+00
	6.997634629903138e-01

 3324	3.296499999999971e-09
	0.000000000000000e+00
	6.997634629903140e-01

 3325	3.297499999999970e-09
	0.000000000000000e+00
	6.997634629903138e-01

 3326	3.298499999999970e-09
	0.000000000000000e+00
	6.997634629903138e-01

 3327	3.299499999999970e-09
	0.000000000000000e+00
	6.997634629903140e-01

 3328	3.300499999999970e-09
	0.000000000000000e+00
	6.997634629903138e-01

 3329	3.301499999999970e-09
	0.000000000000000e+00
	6.997634629903138e-01

 3330	3.302499999999970e-09
	0.000000000000000e+00
	6.997634629903140e-01

 3331	3.303499999999970e-09
	0.000000000000000e+00
	6.997634629903138e-01

 3332	3.304499999999970e-09
	0.000000000000000e+00
	6.997634629903138e-01

 3333	3.305499999999970e-09
	0.000000000000000e+00
	6.997634629903140e-01

 3334	3.306499999999970e-09
	0.000000000000000e+00
	6.997634629903138e-01

 3335	3.307499999999969e-09
	0.000000000000000e+00
	6.997634629903138e-01

 3336	3.308499999999969e-09
	0.000000000000000e+00
	6.997634629903140e-01

 3337	3.309499999999969e-09
	0.000000000000000e+00
	6.997634629903138e-01

 3338	3.310499999999969e-09
	0.000000000000000e+00
	6.997634629903138e-01

 3339	3.311499999999969e-09
	0.000000000000000e+00
	6.997634629903140e-01

 3340	3.312499999999969e-09
	0.000000000000000e+00
	6.997634629903138e-01

 3341	3.313499999999969e-09
	0.000000000000000e+00
	6.997634629903138e-01

 3342	3.314499999999969e-09
	0.000000000000000e+00
	6.997634629903140e-01

 3343	3.315499999999969e-09
	0.000000000000000e+00
	6.997634629903138e-01

 3344	3.316499999999968e-09
	0.000000000000000e+00
	6.997634629903138e-01

 3345	3.317499999999968e-09
	0.000000000000000e+00
	6.997634629903140e-01

 3346	3.318499999999968e-09
	0.000000000000000e+00
	6.997634629903138e-01

 3347	3.319499999999968e-09
	0.000000000000000e+00
	6.997634629903138e-01

 3348	3.320499999999968e-09
	0.000000000000000e+00
	6.997634629903140e-01

 3349	3.321499999999968e-09
	0.000000000000000e+00
	6.997634629903138e-01

 3350	3.322499999999968e-09
	0.000000000000000e+00
	6.997634629903138e-01

 3351	3.323499999999968e-09
	0.000000000000000e+00
	6.997634629903140e-01

 3352	3.324499999999968e-09
	0.000000000000000e+00
	6.997634629903138e-01

 3353	3.325499999999967e-09
	0.000000000000000e+00
	6.997634629903138e-01

 3354	3.326499999999967e-09
	0.000000000000000e+00
	6.997634629903140e-01

 3355	3.327499999999967e-09
	0.000000000000000e+00
	6.997634629903138e-01

 3356	3.328499999999967e-09
	0.000000000000000e+00
	6.997634629903138e-01

 3357	3.329499999999967e-09
	0.000000000000000e+00
	6.997634629903140e-01

 3358	3.330499999999967e-09
	0.000000000000000e+00
	6.997634629903138e-01

 3359	3.331499999999967e-09
	0.000000000000000e+00
	6.997634629903138e-01

 3360	3.332499999999967e-09
	0.000000000000000e+00
	6.997634629903140e-01

 3361	3.333499999999967e-09
	0.000000000000000e+00
	6.997634629903138e-01

 3362	3.334499999999967e-09
	0.000000000000000e+00
	6.997634629903138e-01

 3363	3.335499999999966e-09
	0.000000000000000e+00
	6.997634629903140e-01

 3364	3.336499999999966e-09
	0.000000000000000e+00
	6.997634629903138e-01

 3365	3.337499999999966e-09
	0.000000000000000e+00
	6.997634629903138e-01

 3366	3.338499999999966e-09
	0.000000000000000e+00
	6.997634629903140e-01

 3367	3.339499999999966e-09
	0.000000000000000e+00
	6.997634629903138e-01

 3368	3.340499999999966e-09
	0.000000000000000e+00
	6.997634629903138e-01

 3369	3.341499999999966e-09
	0.000000000000000e+00
	6.997634629903140e-01

 3370	3.342499999999966e-09
	0.000000000000000e+00
	6.997634629903138e-01

 3371	3.343499999999966e-09
	0.000000000000000e+00
	6.997634629903138e-01

 3372	3.344499999999965e-09
	0.000000000000000e+00
	6.997634629903140e-01

 3373	3.345499999999965e-09
	0.000000000000000e+00
	6.997634629903138e-01

 3374	3.346499999999965e-09
	0.000000000000000e+00
	6.997634629903138e-01

 3375	3.347499999999965e-09
	0.000000000000000e+00
	6.997634629903140e-01

 3376	3.348499999999965e-09
	0.000000000000000e+00
	6.997634629903138e-01

 3377	3.349499999999965e-09
	0.000000000000000e+00
	6.997634629903138e-01

 3378	3.350499999999965e-09
	0.000000000000000e+00
	6.997634629903140e-01

 3379	3.351499999999965e-09
	0.000000000000000e+00
	6.997634629903138e-01

 3380	3.352499999999965e-09
	0.000000000000000e+00
	6.997634629903138e-01

 3381	3.353499999999964e-09
	0.000000000000000e+00
	6.997634629903140e-01

 3382	3.354499999999964e-09
	0.000000000000000e+00
	6.997634629903138e-01

 3383	3.355499999999964e-09
	0.000000000000000e+00
	6.997634629903138e-01

 3384	3.356499999999964e-09
	0.000000000000000e+00
	6.997634629903140e-01

 3385	3.357499999999964e-09
	0.000000000000000e+00
	6.997634629903138e-01

 3386	3.358499999999964e-09
	0.000000000000000e+00
	6.997634629903138e-01

 3387	3.359499999999964e-09
	0.000000000000000e+00
	6.997634629903140e-01

 3388	3.360499999999964e-09
	0.000000000000000e+00
	6.997634629903138e-01

 3389	3.361499999999964e-09
	0.000000000000000e+00
	6.997634629903138e-01

 3390	3.362499999999964e-09
	0.000000000000000e+00
	6.997634629903140e-01

 3391	3.363499999999963e-09
	0.000000000000000e+00
	6.997634629903138e-01

 3392	3.364499999999963e-09
	0.000000000000000e+00
	6.997634629903138e-01

 3393	3.365499999999963e-09
	0.000000000000000e+00
	6.997634629903140e-01

 3394	3.366499999999963e-09
	0.000000000000000e+00
	6.997634629903138e-01

 3395	3.367499999999963e-09
	0.000000000000000e+00
	6.997634629903138e-01

 3396	3.368499999999963e-09
	0.000000000000000e+00
	6.997634629903140e-01

 3397	3.369499999999963e-09
	0.000000000000000e+00
	6.997634629903138e-01

 3398	3.370499999999963e-09
	0.000000000000000e+00
	6.997634629903138e-01

 3399	3.371499999999963e-09
	0.000000000000000e+00
	6.997634629903140e-01

 3400	3.372499999999962e-09
	0.000000000000000e+00
	6.997634629903138e-01

 3401	3.373499999999962e-09
	0.000000000000000e+00
	6.997634629903138e-01

 3402	3.374499999999962e-09
	0.000000000000000e+00
	6.997634629903140e-01

 3403	3.375499999999962e-09
	0.000000000000000e+00
	6.997634629903138e-01

 3404	3.376499999999962e-09
	0.000000000000000e+00
	6.997634629903138e-01

 3405	3.377499999999962e-09
	0.000000000000000e+00
	6.997634629903140e-01

 3406	3.378499999999962e-09
	0.000000000000000e+00
	6.997634629903138e-01

 3407	3.379499999999962e-09
	0.000000000000000e+00
	6.997634629903138e-01

 3408	3.380499999999962e-09
	0.000000000000000e+00
	6.997634629903140e-01

 3409	3.381499999999961e-09
	0.000000000000000e+00
	6.997634629903138e-01

 3410	3.382499999999961e-09
	0.000000000000000e+00
	6.997634629903138e-01

 3411	3.383499999999961e-09
	0.000000000000000e+00
	6.997634629903140e-01

 3412	3.384499999999961e-09
	0.000000000000000e+00
	6.997634629903138e-01

 3413	3.385499999999961e-09
	0.000000000000000e+00
	6.997634629903138e-01

 3414	3.386499999999961e-09
	0.000000000000000e+00
	6.997634629903140e-01

 3415	3.387499999999961e-09
	0.000000000000000e+00
	6.997634629903138e-01

 3416	3.388499999999961e-09
	0.000000000000000e+00
	6.997634629903138e-01

 3417	3.389499999999961e-09
	0.000000000000000e+00
	6.997634629903140e-01

 3418	3.390499999999961e-09
	0.000000000000000e+00
	6.997634629903138e-01

 3419	3.391499999999960e-09
	0.000000000000000e+00
	6.997634629903138e-01

 3420	3.392499999999960e-09
	0.000000000000000e+00
	6.997634629903140e-01

 3421	3.393499999999960e-09
	0.000000000000000e+00
	6.997634629903138e-01

 3422	3.394499999999960e-09
	0.000000000000000e+00
	6.997634629903138e-01

 3423	3.395499999999960e-09
	0.000000000000000e+00
	6.997634629903140e-01

 3424	3.396499999999960e-09
	0.000000000000000e+00
	6.997634629903138e-01

 3425	3.397499999999960e-09
	0.000000000000000e+00
	6.997634629903138e-01

 3426	3.398499999999960e-09
	0.000000000000000e+00
	6.997634629903140e-01

 3427	3.399499999999960e-09
	0.000000000000000e+00
	6.997634629903138e-01

 3428	3.400499999999959e-09
	0.000000000000000e+00
	6.997634629903138e-01

 3429	3.401499999999959e-09
	0.000000000000000e+00
	6.997634629903140e-01

 3430	3.402499999999959e-09
	0.000000000000000e+00
	6.997634629903138e-01

 3431	3.403499999999959e-09
	0.000000000000000e+00
	6.997634629903138e-01

 3432	3.404499999999959e-09
	0.000000000000000e+00
	6.997634629903140e-01

 3433	3.405499999999959e-09
	0.000000000000000e+00
	6.997634629903138e-01

 3434	3.406499999999959e-09
	0.000000000000000e+00
	6.997634629903138e-01

 3435	3.407499999999959e-09
	0.000000000000000e+00
	6.997634629903140e-01

 3436	3.408499999999959e-09
	0.000000000000000e+00
	6.997634629903138e-01

 3437	3.409499999999958e-09
	0.000000000000000e+00
	6.997634629903138e-01

 3438	3.410499999999958e-09
	0.000000000000000e+00
	6.997634629903140e-01

 3439	3.411499999999958e-09
	0.000000000000000e+00
	6.997634629903138e-01

 3440	3.412499999999958e-09
	0.000000000000000e+00
	6.997634629903138e-01

 3441	3.413499999999958e-09
	0.000000000000000e+00
	6.997634629903140e-01

 3442	3.414499999999958e-09
	0.000000000000000e+00
	6.997634629903138e-01

 3443	3.415499999999958e-09
	0.000000000000000e+00
	6.997634629903138e-01

 3444	3.416499999999958e-09
	0.000000000000000e+00
	6.997634629903140e-01

 3445	3.417499999999958e-09
	0.000000000000000e+00
	6.997634629903138e-01

 3446	3.418499999999958e-09
	0.000000000000000e+00
	6.997634629903138e-01

 3447	3.419499999999957e-09
	0.000000000000000e+00
	6.997634629903140e-01

 3448	3.420499999999957e-09
	0.000000000000000e+00
	6.997634629903138e-01

 3449	3.421499999999957e-09
	0.000000000000000e+00
	6.997634629903138e-01

 3450	3.422499999999957e-09
	0.000000000000000e+00
	6.997634629903140e-01

 3451	3.423499999999957e-09
	0.000000000000000e+00
	6.997634629903138e-01

 3452	3.424499999999957e-09
	0.000000000000000e+00
	6.997634629903138e-01

 3453	3.425499999999957e-09
	0.000000000000000e+00
	6.997634629903140e-01

 3454	3.426499999999957e-09
	0.000000000000000e+00
	6.997634629903138e-01

 3455	3.427499999999957e-09
	0.000000000000000e+00
	6.997634629903138e-01

 3456	3.428499999999956e-09
	0.000000000000000e+00
	6.997634629903140e-01

 3457	3.429499999999956e-09
	0.000000000000000e+00
	6.997634629903138e-01

 3458	3.430499999999956e-09
	0.000000000000000e+00
	6.997634629903138e-01

 3459	3.431499999999956e-09
	0.000000000000000e+00
	6.997634629903140e-01

 3460	3.432499999999956e-09
	0.000000000000000e+00
	6.997634629903138e-01

 3461	3.433499999999956e-09
	0.000000000000000e+00
	6.997634629903138e-01

 3462	3.434499999999956e-09
	0.000000000000000e+00
	6.997634629903140e-01

 3463	3.435499999999956e-09
	0.000000000000000e+00
	6.997634629903138e-01

 3464	3.436499999999956e-09
	0.000000000000000e+00
	6.997634629903138e-01

 3465	3.437499999999956e-09
	0.000000000000000e+00
	6.997634629903140e-01

 3466	3.438499999999955e-09
	0.000000000000000e+00
	6.997634629903138e-01

 3467	3.439499999999955e-09
	0.000000000000000e+00
	6.997634629903138e-01

 3468	3.440499999999955e-09
	0.000000000000000e+00
	6.997634629903140e-01

 3469	3.441499999999955e-09
	0.000000000000000e+00
	6.997634629903138e-01

 3470	3.442499999999955e-09
	0.000000000000000e+00
	6.997634629903138e-01

 3471	3.443499999999955e-09
	0.000000000000000e+00
	6.997634629903140e-01

 3472	3.444499999999955e-09
	0.000000000000000e+00
	6.997634629903138e-01

 3473	3.445499999999955e-09
	0.000000000000000e+00
	6.997634629903138e-01

 3474	3.446499999999955e-09
	0.000000000000000e+00
	6.997634629903140e-01

 3475	3.447499999999954e-09
	0.000000000000000e+00
	6.997634629903138e-01

 3476	3.448499999999954e-09
	0.000000000000000e+00
	6.997634629903138e-01

 3477	3.449499999999954e-09
	0.000000000000000e+00
	6.997634629903140e-01

 3478	3.450499999999954e-09
	0.000000000000000e+00
	6.997634629903138e-01

 3479	3.451499999999954e-09
	0.000000000000000e+00
	6.997634629903138e-01

 3480	3.452499999999954e-09
	0.000000000000000e+00
	6.997634629903140e-01

 3481	3.453499999999954e-09
	0.000000000000000e+00
	6.997634629903138e-01

 3482	3.454499999999954e-09
	0.000000000000000e+00
	6.997634629903138e-01

 3483	3.455499999999954e-09
	0.000000000000000e+00
	6.997634629903140e-01

 3484	3.456499999999953e-09
	0.000000000000000e+00
	6.997634629903138e-01

 3485	3.457499999999953e-09
	0.000000000000000e+00
	6.997634629903138e-01

 3486	3.458499999999953e-09
	0.000000000000000e+00
	6.997634629903140e-01

 3487	3.459499999999953e-09
	0.000000000000000e+00
	6.997634629903138e-01

 3488	3.460499999999953e-09
	0.000000000000000e+00
	6.997634629903138e-01

 3489	3.461499999999953e-09
	0.000000000000000e+00
	6.997634629903140e-01

 3490	3.462499999999953e-09
	0.000000000000000e+00
	6.997634629903138e-01

 3491	3.463499999999953e-09
	0.000000000000000e+00
	6.997634629903138e-01

 3492	3.464499999999953e-09
	0.000000000000000e+00
	6.997634629903140e-01

 3493	3.465499999999953e-09
	0.000000000000000e+00
	6.997634629903138e-01

 3494	3.466499999999952e-09
	0.000000000000000e+00
	6.997634629903138e-01

 3495	3.467499999999952e-09
	0.000000000000000e+00
	6.997634629903140e-01

 3496	3.468499999999952e-09
	0.000000000000000e+00
	6.997634629903138e-01

 3497	3.469499999999952e-09
	0.000000000000000e+00
	6.997634629903138e-01

 3498	3.470499999999952e-09
	0.000000000000000e+00
	6.997634629903140e-01

 3499	3.471499999999952e-09
	0.000000000000000e+00
	6.997634629903138e-01

 3500	3.472499999999952e-09
	0.000000000000000e+00
	6.997634629903138e-01

 3501	3.473499999999952e-09
	0.000000000000000e+00
	6.997634629903140e-01

 3502	3.474499999999952e-09
	0.000000000000000e+00
	6.997634629903138e-01

 3503	3.475499999999951e-09
	0.000000000000000e+00
	6.997634629903138e-01

 3504	3.476499999999951e-09
	0.000000000000000e+00
	6.997634629903140e-01

 3505	3.477499999999951e-09
	0.000000000000000e+00
	6.997634629903138e-01

 3506	3.478499999999951e-09
	0.000000000000000e+00
	6.997634629903138e-01

 3507	3.479499999999951e-09
	0.000000000000000e+00
	6.997634629903140e-01

 3508	3.480499999999951e-09
	0.000000000000000e+00
	6.997634629903138e-01

 3509	3.481499999999951e-09
	0.000000000000000e+00
	6.997634629903138e-01

 3510	3.482499999999951e-09
	0.000000000000000e+00
	6.997634629903140e-01

 3511	3.483499999999951e-09
	0.000000000000000e+00
	6.997634629903138e-01

 3512	3.484499999999950e-09
	0.000000000000000e+00
	6.997634629903138e-01

 3513	3.485499999999950e-09
	0.000000000000000e+00
	6.997634629903140e-01

 3514	3.486499999999950e-09
	0.000000000000000e+00
	6.997634629903138e-01

 3515	3.487499999999950e-09
	0.000000000000000e+00
	6.997634629903138e-01

 3516	3.488499999999950e-09
	0.000000000000000e+00
	6.997634629903140e-01

 3517	3.489499999999950e-09
	0.000000000000000e+00
	6.997634629903138e-01

 3518	3.490499999999950e-09
	0.000000000000000e+00
	6.997634629903138e-01

 3519	3.491499999999950e-09
	0.000000000000000e+00
	6.997634629903140e-01

 3520	3.492499999999950e-09
	0.000000000000000e+00
	6.997634629903138e-01

 3521	3.493499999999950e-09
	0.000000000000000e+00
	6.997634629903138e-01

 3522	3.494499999999949e-09
	0.000000000000000e+00
	6.997634629903140e-01

 3523	3.495499999999949e-09
	0.000000000000000e+00
	6.997634629903138e-01

 3524	3.496499999999949e-09
	0.000000000000000e+00
	6.997634629903138e-01

 3525	3.497499999999949e-09
	0.000000000000000e+00
	6.997634629903140e-01

 3526	3.498499999999949e-09
	0.000000000000000e+00
	6.997634629903138e-01

 3527	3.499499999999949e-09
	0.000000000000000e+00
	6.997634629903138e-01

 3528	3.500499999999949e-09
	0.000000000000000e+00
	6.997634629903140e-01

 3529	3.501499999999949e-09
	0.000000000000000e+00
	6.997634629903138e-01

 3530	3.502499999999949e-09
	0.000000000000000e+00
	6.997634629903138e-01

 3531	3.503499999999948e-09
	0.000000000000000e+00
	6.997634629903140e-01

 3532	3.504499999999948e-09
	0.000000000000000e+00
	6.997634629903138e-01

 3533	3.505499999999948e-09
	0.000000000000000e+00
	6.997634629903138e-01

 3534	3.506499999999948e-09
	0.000000000000000e+00
	6.997634629903140e-01

 3535	3.507499999999948e-09
	0.000000000000000e+00
	6.997634629903138e-01

 3536	3.508499999999948e-09
	0.000000000000000e+00
	6.997634629903138e-01

 3537	3.509499999999948e-09
	0.000000000000000e+00
	6.997634629903140e-01

 3538	3.510499999999948e-09
	0.000000000000000e+00
	6.997634629903138e-01

 3539	3.511499999999948e-09
	0.000000000000000e+00
	6.997634629903138e-01

 3540	3.512499999999947e-09
	0.000000000000000e+00
	6.997634629903140e-01

 3541	3.513499999999947e-09
	0.000000000000000e+00
	6.997634629903138e-01

 3542	3.514499999999947e-09
	0.000000000000000e+00
	6.997634629903138e-01

 3543	3.515499999999947e-09
	0.000000000000000e+00
	6.997634629903140e-01

 3544	3.516499999999947e-09
	0.000000000000000e+00
	6.997634629903138e-01

 3545	3.517499999999947e-09
	0.000000000000000e+00
	6.997634629903138e-01

 3546	3.518499999999947e-09
	0.000000000000000e+00
	6.997634629903140e-01

 3547	3.519499999999947e-09
	0.000000000000000e+00
	6.997634629903138e-01

 3548	3.520499999999947e-09
	0.000000000000000e+00
	6.997634629903138e-01

 3549	3.521499999999947e-09
	0.000000000000000e+00
	6.997634629903140e-01

 3550	3.522499999999946e-09
	0.000000000000000e+00
	6.997634629903138e-01

 3551	3.523499999999946e-09
	0.000000000000000e+00
	6.997634629903138e-01

 3552	3.524499999999946e-09
	0.000000000000000e+00
	6.997634629903140e-01

 3553	3.525499999999946e-09
	0.000000000000000e+00
	6.997634629903138e-01

 3554	3.526499999999946e-09
	0.000000000000000e+00
	6.997634629903138e-01

 3555	3.527499999999946e-09
	0.000000000000000e+00
	6.997634629903140e-01

 3556	3.528499999999946e-09
	0.000000000000000e+00
	6.997634629903138e-01

 3557	3.529499999999946e-09
	0.000000000000000e+00
	6.997634629903138e-01

 3558	3.530499999999946e-09
	0.000000000000000e+00
	6.997634629903140e-01

 3559	3.531499999999945e-09
	0.000000000000000e+00
	6.997634629903138e-01

 3560	3.532499999999945e-09
	0.000000000000000e+00
	6.997634629903138e-01

 3561	3.533499999999945e-09
	0.000000000000000e+00
	6.997634629903140e-01

 3562	3.534499999999945e-09
	0.000000000000000e+00
	6.997634629903138e-01

 3563	3.535499999999945e-09
	0.000000000000000e+00
	6.997634629903138e-01

 3564	3.536499999999945e-09
	0.000000000000000e+00
	6.997634629903140e-01

 3565	3.537499999999945e-09
	0.000000000000000e+00
	6.997634629903138e-01

 3566	3.538499999999945e-09
	0.000000000000000e+00
	6.997634629903138e-01

 3567	3.539499999999945e-09
	0.000000000000000e+00
	6.997634629903140e-01

 3568	3.540499999999945e-09
	0.000000000000000e+00
	6.997634629903138e-01

 3569	3.541499999999944e-09
	0.000000000000000e+00
	6.997634629903138e-01

 3570	3.542499999999944e-09
	0.000000000000000e+00
	6.997634629903140e-01

 3571	3.543499999999944e-09
	0.000000000000000e+00
	6.997634629903138e-01

 3572	3.544499999999944e-09
	0.000000000000000e+00
	6.997634629903138e-01

 3573	3.545499999999944e-09
	0.000000000000000e+00
	6.997634629903140e-01

 3574	3.546499999999944e-09
	0.000000000000000e+00
	6.997634629903138e-01

 3575	3.547499999999944e-09
	0.000000000000000e+00
	6.997634629903138e-01

 3576	3.548499999999944e-09
	0.000000000000000e+00
	6.997634629903140e-01

 3577	3.549499999999944e-09
	0.000000000000000e+00
	6.997634629903138e-01

 3578	3.550499999999943e-09
	0.000000000000000e+00
	6.997634629903138e-01

 3579	3.551499999999943e-09
	0.000000000000000e+00
	6.997634629903140e-01

 3580	3.552499999999943e-09
	0.000000000000000e+00
	6.997634629903138e-01

 3581	3.553499999999943e-09
	0.000000000000000e+00
	6.997634629903138e-01

 3582	3.554499999999943e-09
	0.000000000000000e+00
	6.997634629903140e-01

 3583	3.555499999999943e-09
	0.000000000000000e+00
	6.997634629903138e-01

 3584	3.556499999999943e-09
	0.000000000000000e+00
	6.997634629903138e-01

 3585	3.557499999999943e-09
	0.000000000000000e+00
	6.997634629903140e-01

 3586	3.558499999999943e-09
	0.000000000000000e+00
	6.997634629903138e-01

 3587	3.559499999999942e-09
	0.000000000000000e+00
	6.997634629903138e-01

 3588	3.560499999999942e-09
	0.000000000000000e+00
	6.997634629903140e-01

 3589	3.561499999999942e-09
	0.000000000000000e+00
	6.997634629903138e-01

 3590	3.562499999999942e-09
	0.000000000000000e+00
	6.997634629903138e-01

 3591	3.563499999999942e-09
	0.000000000000000e+00
	6.997634629903140e-01

 3592	3.564499999999942e-09
	0.000000000000000e+00
	6.997634629903138e-01

 3593	3.565499999999942e-09
	0.000000000000000e+00
	6.997634629903138e-01

 3594	3.566499999999942e-09
	0.000000000000000e+00
	6.997634629903140e-01

 3595	3.567499999999942e-09
	0.000000000000000e+00
	6.997634629903138e-01

 3596	3.568499999999942e-09
	0.000000000000000e+00
	6.997634629903138e-01

 3597	3.569499999999941e-09
	0.000000000000000e+00
	6.997634629903140e-01

 3598	3.570499999999941e-09
	0.000000000000000e+00
	6.997634629903138e-01

 3599	3.571499999999941e-09
	0.000000000000000e+00
	6.997634629903138e-01

 3600	3.572499999999941e-09
	0.000000000000000e+00
	6.997634629903140e-01

 3601	3.573499999999941e-09
	0.000000000000000e+00
	6.997634629903138e-01

 3602	3.574499999999941e-09
	0.000000000000000e+00
	6.997634629903138e-01

 3603	3.575499999999941e-09
	0.000000000000000e+00
	6.997634629903140e-01

 3604	3.576499999999941e-09
	0.000000000000000e+00
	6.997634629903138e-01

 3605	3.577499999999941e-09
	0.000000000000000e+00
	6.997634629903138e-01

 3606	3.578499999999940e-09
	0.000000000000000e+00
	6.997634629903140e-01

 3607	3.579499999999940e-09
	0.000000000000000e+00
	6.997634629903138e-01

 3608	3.580499999999940e-09
	0.000000000000000e+00
	6.997634629903138e-01

 3609	3.581499999999940e-09
	0.000000000000000e+00
	6.997634629903140e-01

 3610	3.582499999999940e-09
	0.000000000000000e+00
	6.997634629903138e-01

 3611	3.583499999999940e-09
	0.000000000000000e+00
	6.997634629903138e-01

 3612	3.584499999999940e-09
	0.000000000000000e+00
	6.997634629903140e-01

 3613	3.585499999999940e-09
	0.000000000000000e+00
	6.997634629903138e-01

 3614	3.586499999999940e-09
	0.000000000000000e+00
	6.997634629903138e-01

 3615	3.587499999999939e-09
	0.000000000000000e+00
	6.997634629903140e-01

 3616	3.588499999999939e-09
	0.000000000000000e+00
	6.997634629903138e-01

 3617	3.589499999999939e-09
	0.000000000000000e+00
	6.997634629903138e-01

 3618	3.590499999999939e-09
	0.000000000000000e+00
	6.997634629903140e-01

 3619	3.591499999999939e-09
	0.000000000000000e+00
	6.997634629903138e-01

 3620	3.592499999999939e-09
	0.000000000000000e+00
	6.997634629903138e-01

 3621	3.593499999999939e-09
	0.000000000000000e+00
	6.997634629903140e-01

 3622	3.594499999999939e-09
	0.000000000000000e+00
	6.997634629903138e-01

 3623	3.595499999999939e-09
	0.000000000000000e+00
	6.997634629903138e-01

 3624	3.596499999999939e-09
	0.000000000000000e+00
	6.997634629903140e-01

 3625	3.597499999999938e-09
	0.000000000000000e+00
	6.997634629903138e-01

 3626	3.598499999999938e-09
	0.000000000000000e+00
	6.997634629903138e-01

 3627	3.599499999999938e-09
	0.000000000000000e+00
	6.997634629903140e-01

 3628	3.600499999999938e-09
	0.000000000000000e+00
	6.997634629903138e-01

 3629	3.601499999999938e-09
	0.000000000000000e+00
	6.997634629903138e-01

 3630	3.602499999999938e-09
	0.000000000000000e+00
	6.997634629903140e-01

 3631	3.603499999999938e-09
	0.000000000000000e+00
	6.997634629903138e-01

 3632	3.604499999999938e-09
	0.000000000000000e+00
	6.997634629903138e-01

 3633	3.605499999999938e-09
	0.000000000000000e+00
	6.997634629903140e-01

 3634	3.606499999999937e-09
	0.000000000000000e+00
	6.997634629903138e-01

 3635	3.607499999999937e-09
	0.000000000000000e+00
	6.997634629903138e-01

 3636	3.608499999999937e-09
	0.000000000000000e+00
	6.997634629903140e-01

 3637	3.609499999999937e-09
	0.000000000000000e+00
	6.997634629903138e-01

 3638	3.610499999999937e-09
	0.000000000000000e+00
	6.997634629903138e-01

 3639	3.611499999999937e-09
	0.000000000000000e+00
	6.997634629903140e-01

 3640	3.612499999999937e-09
	0.000000000000000e+00
	6.997634629903138e-01

 3641	3.613499999999937e-09
	0.000000000000000e+00
	6.997634629903138e-01

 3642	3.614499999999937e-09
	0.000000000000000e+00
	6.997634629903140e-01

 3643	3.615499999999936e-09
	0.000000000000000e+00
	6.997634629903138e-01

 3644	3.616499999999936e-09
	0.000000000000000e+00
	6.997634629903138e-01

 3645	3.617499999999936e-09
	0.000000000000000e+00
	6.997634629903140e-01

 3646	3.618499999999936e-09
	0.000000000000000e+00
	6.997634629903138e-01

 3647	3.619499999999936e-09
	0.000000000000000e+00
	6.997634629903138e-01

 3648	3.620499999999936e-09
	0.000000000000000e+00
	6.997634629903140e-01

 3649	3.621499999999936e-09
	0.000000000000000e+00
	6.997634629903138e-01

 3650	3.622499999999936e-09
	0.000000000000000e+00
	6.997634629903138e-01

 3651	3.623499999999936e-09
	0.000000000000000e+00
	6.997634629903140e-01

 3652	3.624499999999936e-09
	0.000000000000000e+00
	6.997634629903138e-01

 3653	3.625499999999935e-09
	0.000000000000000e+00
	6.997634629903138e-01

 3654	3.626499999999935e-09
	0.000000000000000e+00
	6.997634629903140e-01

 3655	3.627499999999935e-09
	0.000000000000000e+00
	6.997634629903138e-01

 3656	3.628499999999935e-09
	0.000000000000000e+00
	6.997634629903138e-01

 3657	3.629499999999935e-09
	0.000000000000000e+00
	6.997634629903140e-01

 3658	3.630499999999935e-09
	0.000000000000000e+00
	6.997634629903138e-01

 3659	3.631499999999935e-09
	0.000000000000000e+00
	6.997634629903138e-01

 3660	3.632499999999935e-09
	0.000000000000000e+00
	6.997634629903140e-01

 3661	3.633499999999935e-09
	0.000000000000000e+00
	6.997634629903138e-01

 3662	3.634499999999934e-09
	0.000000000000000e+00
	6.997634629903138e-01

 3663	3.635499999999934e-09
	0.000000000000000e+00
	6.997634629903140e-01

 3664	3.636499999999934e-09
	0.000000000000000e+00
	6.997634629903138e-01

 3665	3.637499999999934e-09
	0.000000000000000e+00
	6.997634629903138e-01

 3666	3.638499999999934e-09
	0.000000000000000e+00
	6.997634629903140e-01

 3667	3.639499999999934e-09
	0.000000000000000e+00
	6.997634629903138e-01

 3668	3.640499999999934e-09
	0.000000000000000e+00
	6.997634629903138e-01

 3669	3.641499999999934e-09
	0.000000000000000e+00
	6.997634629903140e-01

 3670	3.642499999999934e-09
	0.000000000000000e+00
	6.997634629903138e-01

 3671	3.643499999999933e-09
	0.000000000000000e+00
	6.997634629903138e-01

 3672	3.644499999999933e-09
	0.000000000000000e+00
	6.997634629903140e-01

 3673	3.645499999999933e-09
	0.000000000000000e+00
	6.997634629903138e-01

 3674	3.646499999999933e-09
	0.000000000000000e+00
	6.997634629903138e-01

 3675	3.647499999999933e-09
	0.000000000000000e+00
	6.997634629903140e-01

 3676	3.648499999999933e-09
	0.000000000000000e+00
	6.997634629903138e-01

 3677	3.649499999999933e-09
	0.000000000000000e+00
	6.997634629903138e-01

 3678	3.650499999999933e-09
	0.000000000000000e+00
	6.997634629903140e-01

 3679	3.651499999999933e-09
	0.000000000000000e+00
	6.997634629903138e-01

 3680	3.652499999999933e-09
	0.000000000000000e+00
	6.997634629903138e-01

 3681	3.653499999999932e-09
	0.000000000000000e+00
	6.997634629903140e-01

 3682	3.654499999999932e-09
	0.000000000000000e+00
	6.997634629903138e-01

 3683	3.655499999999932e-09
	0.000000000000000e+00
	6.997634629903138e-01

 3684	3.656499999999932e-09
	0.000000000000000e+00
	6.997634629903140e-01

 3685	3.657499999999932e-09
	0.000000000000000e+00
	6.997634629903138e-01

 3686	3.658499999999932e-09
	0.000000000000000e+00
	6.997634629903138e-01

 3687	3.659499999999932e-09
	0.000000000000000e+00
	6.997634629903140e-01

 3688	3.660499999999932e-09
	0.000000000000000e+00
	6.997634629903138e-01

 3689	3.661499999999932e-09
	0.000000000000000e+00
	6.997634629903138e-01

 3690	3.662499999999931e-09
	0.000000000000000e+00
	6.997634629903140e-01

 3691	3.663499999999931e-09
	0.000000000000000e+00
	6.997634629903138e-01

 3692	3.664499999999931e-09
	0.000000000000000e+00
	6.997634629903138e-01

 3693	3.665499999999931e-09
	0.000000000000000e+00
	6.997634629903140e-01

 3694	3.666499999999931e-09
	0.000000000000000e+00
	6.997634629903138e-01

 3695	3.667499999999931e-09
	0.000000000000000e+00
	6.997634629903138e-01

 3696	3.668499999999931e-09
	0.000000000000000e+00
	6.997634629903140e-01

 3697	3.669499999999931e-09
	0.000000000000000e+00
	6.997634629903138e-01

 3698	3.670499999999931e-09
	0.000000000000000e+00
	6.997634629903138e-01

 3699	3.671499999999931e-09
	0.000000000000000e+00
	6.997634629903140e-01

 3700	3.672499999999930e-09
	0.000000000000000e+00
	6.997634629903138e-01

 3701	3.673499999999930e-09
	0.000000000000000e+00
	6.997634629903138e-01

 3702	3.674499999999930e-09
	0.000000000000000e+00
	6.997634629903140e-01

 3703	3.675499999999930e-09
	0.000000000000000e+00
	6.997634629903138e-01

 3704	3.676499999999930e-09
	0.000000000000000e+00
	6.997634629903138e-01

 3705	3.677499999999930e-09
	0.000000000000000e+00
	6.997634629903140e-01

 3706	3.678499999999930e-09
	0.000000000000000e+00
	6.997634629903138e-01

 3707	3.679499999999930e-09
	0.000000000000000e+00
	6.997634629903138e-01

 3708	3.680499999999930e-09
	0.000000000000000e+00
	6.997634629903140e-01

 3709	3.681499999999929e-09
	0.000000000000000e+00
	6.997634629903138e-01

 3710	3.682499999999929e-09
	0.000000000000000e+00
	6.997634629903138e-01

 3711	3.683499999999929e-09
	0.000000000000000e+00
	6.997634629903140e-01

 3712	3.684499999999929e-09
	0.000000000000000e+00
	6.997634629903138e-01

 3713	3.685499999999929e-09
	0.000000000000000e+00
	6.997634629903138e-01

 3714	3.686499999999929e-09
	0.000000000000000e+00
	6.997634629903140e-01

 3715	3.687499999999929e-09
	0.000000000000000e+00
	6.997634629903138e-01

 3716	3.688499999999929e-09
	0.000000000000000e+00
	6.997634629903138e-01

 3717	3.689499999999929e-09
	0.000000000000000e+00
	6.997634629903140e-01

 3718	3.690499999999928e-09
	0.000000000000000e+00
	6.997634629903138e-01

 3719	3.691499999999928e-09
	0.000000000000000e+00
	6.997634629903138e-01

 3720	3.692499999999928e-09
	0.000000000000000e+00
	6.997634629903140e-01

 3721	3.693499999999928e-09
	0.000000000000000e+00
	6.997634629903138e-01

 3722	3.694499999999928e-09
	0.000000000000000e+00
	6.997634629903138e-01

 3723	3.695499999999928e-09
	0.000000000000000e+00
	6.997634629903140e-01

 3724	3.696499999999928e-09
	0.000000000000000e+00
	6.997634629903138e-01

 3725	3.697499999999928e-09
	0.000000000000000e+00
	6.997634629903138e-01

 3726	3.698499999999928e-09
	0.000000000000000e+00
	6.997634629903140e-01

 3727	3.699499999999928e-09
	0.000000000000000e+00
	6.997634629903138e-01

 3728	3.700499999999927e-09
	0.000000000000000e+00
	6.997634629903138e-01

 3729	3.701499999999927e-09
	0.000000000000000e+00
	6.997634629903140e-01

 3730	3.702499999999927e-09
	0.000000000000000e+00
	6.997634629903138e-01

 3731	3.703499999999927e-09
	0.000000000000000e+00
	6.997634629903138e-01

 3732	3.704499999999927e-09
	0.000000000000000e+00
	6.997634629903140e-01

 3733	3.705499999999927e-09
	0.000000000000000e+00
	6.997634629903138e-01

 3734	3.706499999999927e-09
	0.000000000000000e+00
	6.997634629903138e-01

 3735	3.707499999999927e-09
	0.000000000000000e+00
	6.997634629903140e-01

 3736	3.708499999999927e-09
	0.000000000000000e+00
	6.997634629903138e-01

 3737	3.709499999999926e-09
	0.000000000000000e+00
	6.997634629903138e-01

 3738	3.710499999999926e-09
	0.000000000000000e+00
	6.997634629903140e-01

 3739	3.711499999999926e-09
	0.000000000000000e+00
	6.997634629903138e-01

 3740	3.712499999999926e-09
	0.000000000000000e+00
	6.997634629903138e-01

 3741	3.713499999999926e-09
	0.000000000000000e+00
	6.997634629903140e-01

 3742	3.714499999999926e-09
	0.000000000000000e+00
	6.997634629903138e-01

 3743	3.715499999999926e-09
	0.000000000000000e+00
	6.997634629903138e-01

 3744	3.716499999999926e-09
	0.000000000000000e+00
	6.997634629903140e-01

 3745	3.717499999999926e-09
	0.000000000000000e+00
	6.997634629903138e-01

 3746	3.718499999999925e-09
	0.000000000000000e+00
	6.997634629903138e-01

 3747	3.719499999999925e-09
	0.000000000000000e+00
	6.997634629903140e-01

 3748	3.720499999999925e-09
	0.000000000000000e+00
	6.997634629903138e-01

 3749	3.721499999999925e-09
	0.000000000000000e+00
	6.997634629903138e-01

 3750	3.722499999999925e-09
	0.000000000000000e+00
	6.997634629903140e-01

 3751	3.723499999999925e-09
	0.000000000000000e+00
	6.997634629903138e-01

 3752	3.724499999999925e-09
	0.000000000000000e+00
	6.997634629903138e-01

 3753	3.725499999999925e-09
	0.000000000000000e+00
	6.997634629903140e-01

 3754	3.726499999999925e-09
	0.000000000000000e+00
	6.997634629903138e-01

 3755	3.727499999999925e-09
	0.000000000000000e+00
	6.997634629903138e-01

 3756	3.728499999999926e-09
	0.000000000000000e+00
	6.997634629903140e-01

 3757	3.729499999999926e-09
	0.000000000000000e+00
	6.997634629903138e-01

 3758	3.730499999999926e-09
	0.000000000000000e+00
	6.997634629903138e-01

 3759	3.731499999999927e-09
	0.000000000000000e+00
	6.997634629903140e-01

 3760	3.732499999999927e-09
	0.000000000000000e+00
	6.997634629903138e-01

 3761	3.733499999999927e-09
	0.000000000000000e+00
	6.997634629903138e-01

 3762	3.734499999999927e-09
	0.000000000000000e+00
	6.997634629903140e-01

 3763	3.735499999999928e-09
	0.000000000000000e+00
	6.997634629903138e-01

 3764	3.736499999999928e-09
	0.000000000000000e+00
	6.997634629903138e-01

 3765	3.737499999999928e-09
	0.000000000000000e+00
	6.997634629903140e-01

 3766	3.738499999999929e-09
	0.000000000000000e+00
	6.997634629903138e-01

 3767	3.739499999999929e-09
	0.000000000000000e+00
	6.997634629903138e-01

 3768	3.740499999999929e-09
	0.000000000000000e+00
	6.997634629903140e-01

 3769	3.741499999999930e-09
	0.000000000000000e+00
	6.997634629903138e-01

 3770	3.742499999999930e-09
	0.000000000000000e+00
	6.997634629903138e-01

 3771	3.743499999999930e-09
	0.000000000000000e+00
	6.997634629903140e-01

 3772	3.744499999999931e-09
	0.000000000000000e+00
	6.997634629903138e-01

 3773	3.745499999999931e-09
	0.000000000000000e+00
	6.997634629903138e-01

 3774	3.746499999999931e-09
	0.000000000000000e+00
	6.997634629903140e-01

 3775	3.747499999999931e-09
	0.000000000000000e+00
	6.997634629903138e-01

 3776	3.748499999999932e-09
	0.000000000000000e+00
	6.997634629903138e-01

 3777	3.749499999999932e-09
	0.000000000000000e+00
	6.997634629903140e-01

 3778	3.750499999999932e-09
	0.000000000000000e+00
	6.997634629903138e-01

 3779	3.751499999999933e-09
	0.000000000000000e+00
	6.997634629903138e-01

 3780	3.752499999999933e-09
	0.000000000000000e+00
	6.997634629903140e-01

 3781	3.753499999999933e-09
	0.000000000000000e+00
	6.997634629903138e-01

 3782	3.754499999999934e-09
	0.000000000000000e+00
	6.997634629903138e-01

 3783	3.755499999999934e-09
	0.000000000000000e+00
	6.997634629903140e-01

 3784	3.756499999999934e-09
	0.000000000000000e+00
	6.997634629903138e-01

 3785	3.757499999999935e-09
	0.000000000000000e+00
	6.997634629903138e-01

 3786	3.758499999999935e-09
	0.000000000000000e+00
	6.997634629903140e-01

 3787	3.759499999999935e-09
	0.000000000000000e+00
	6.997634629903138e-01

 3788	3.760499999999935e-09
	0.000000000000000e+00
	6.997634629903138e-01

 3789	3.761499999999936e-09
	0.000000000000000e+00
	6.997634629903140e-01

 3790	3.762499999999936e-09
	0.000000000000000e+00
	6.997634629903138e-01

 3791	3.763499999999936e-09
	0.000000000000000e+00
	6.997634629903138e-01

 3792	3.764499999999937e-09
	0.000000000000000e+00
	6.997634629903140e-01

 3793	3.765499999999937e-09
	0.000000000000000e+00
	6.997634629903138e-01

 3794	3.766499999999937e-09
	0.000000000000000e+00
	6.997634629903138e-01

 3795	3.767499999999938e-09
	0.000000000000000e+00
	6.997634629903140e-01

 3796	3.768499999999938e-09
	0.000000000000000e+00
	6.997634629903138e-01

 3797	3.769499999999938e-09
	0.000000000000000e+00
	6.997634629903138e-01

 3798	3.770499999999939e-09
	0.000000000000000e+00
	6.997634629903140e-01

 3799	3.771499999999939e-09
	0.000000000000000e+00
	6.997634629903138e-01

 3800	3.772499999999939e-09
	0.000000000000000e+00
	6.997634629903138e-01

 3801	3.773499999999939e-09
	0.000000000000000e+00
	6.997634629903140e-01

 3802	3.774499999999940e-09
	0.000000000000000e+00
	6.997634629903138e-01

 3803	3.775499999999940e-09
	0.000000000000000e+00
	6.997634629903138e-01

 3804	3.776499999999940e-09
	0.000000000000000e+00
	6.997634629903140e-01

 3805	3.777499999999941e-09
	0.000000000000000e+00
	6.997634629903138e-01

 3806	3.778499999999941e-09
	0.000000000000000e+00
	6.997634629903138e-01

 3807	3.779499999999941e-09
	0.000000000000000e+00
	6.997634629903140e-01

 3808	3.780499999999942e-09
	0.000000000000000e+00
	6.997634629903138e-01

 3809	3.781499999999942e-09
	0.000000000000000e+00
	6.997634629903138e-01

 3810	3.782499999999942e-09
	0.000000000000000e+00
	6.997634629903140e-01

 3811	3.783499999999943e-09
	0.000000000000000e+00
	6.997634629903138e-01

 3812	3.784499999999943e-09
	0.000000000000000e+00
	6.997634629903138e-01

 3813	3.785499999999943e-09
	0.000000000000000e+00
	6.997634629903140e-01

 3814	3.786499999999943e-09
	0.000000000000000e+00
	6.997634629903138e-01

 3815	3.787499999999944e-09
	0.000000000000000e+00
	6.997634629903138e-01

 3816	3.788499999999944e-09
	0.000000000000000e+00
	6.997634629903140e-01

 3817	3.789499999999944e-09
	0.000000000000000e+00
	6.997634629903138e-01

 3818	3.790499999999945e-09
	0.000000000000000e+00
	6.997634629903138e-01

 3819	3.791499999999945e-09
	0.000000000000000e+00
	6.997634629903140e-01

 3820	3.792499999999945e-09
	0.000000000000000e+00
	6.997634629903138e-01

 3821	3.793499999999946e-09
	0.000000000000000e+00
	6.997634629903138e-01

 3822	3.794499999999946e-09
	0.000000000000000e+00
	6.997634629903140e-01

 3823	3.795499999999946e-09
	0.000000000000000e+00
	6.997634629903138e-01

 3824	3.796499999999947e-09
	0.000000000000000e+00
	6.997634629903138e-01

 3825	3.797499999999947e-09
	0.000000000000000e+00
	6.997634629903140e-01

 3826	3.798499999999947e-09
	0.000000000000000e+00
	6.997634629903138e-01

 3827	3.799499999999947e-09
	0.000000000000000e+00
	6.997634629903138e-01

 3828	3.800499999999948e-09
	0.000000000000000e+00
	6.997634629903140e-01

 3829	3.801499999999948e-09
	0.000000000000000e+00
	6.997634629903138e-01

 3830	3.802499999999948e-09
	0.000000000000000e+00
	6.997634629903138e-01

 3831	3.803499999999949e-09
	0.000000000000000e+00
	6.997634629903140e-01

 3832	3.804499999999949e-09
	0.000000000000000e+00
	6.997634629903138e-01

 3833	3.805499999999949e-09
	0.000000000000000e+00
	6.997634629903138e-01

 3834	3.806499999999950e-09
	0.000000000000000e+00
	6.997634629903140e-01

 3835	3.807499999999950e-09
	0.000000000000000e+00
	6.997634629903138e-01

 3836	3.808499999999950e-09
	0.000000000000000e+00
	6.997634629903138e-01

 3837	3.809499999999951e-09
	0.000000000000000e+00
	6.997634629903140e-01

 3838	3.810499999999951e-09
	0.000000000000000e+00
	6.997634629903138e-01

 3839	3.811499999999951e-09
	0.000000000000000e+00
	6.997634629903138e-01

 3840	3.812499999999951e-09
	0.000000000000000e+00
	6.997634629903140e-01

 3841	3.813499999999952e-09
	0.000000000000000e+00
	6.997634629903138e-01

 3842	3.814499999999952e-09
	0.000000000000000e+00
	6.997634629903138e-01

 3843	3.815499999999952e-09
	0.000000000000000e+00
	6.997634629903140e-01

 3844	3.816499999999953e-09
	0.000000000000000e+00
	6.997634629903138e-01

 3845	3.817499999999953e-09
	0.000000000000000e+00
	6.997634629903138e-01

 3846	3.818499999999953e-09
	0.000000000000000e+00
	6.997634629903140e-01

 3847	3.819499999999954e-09
	0.000000000000000e+00
	6.997634629903138e-01

 3848	3.820499999999954e-09
	0.000000000000000e+00
	6.997634629903138e-01

 3849	3.821499999999954e-09
	0.000000000000000e+00
	6.997634629903140e-01

 3850	3.822499999999954e-09
	0.000000000000000e+00
	6.997634629903138e-01

 3851	3.823499999999955e-09
	0.000000000000000e+00
	6.997634629903138e-01

 3852	3.824499999999955e-09
	0.000000000000000e+00
	6.997634629903140e-01

 3853	3.825499999999955e-09
	0.000000000000000e+00
	6.997634629903138e-01

 3854	3.826499999999956e-09
	0.000000000000000e+00
	6.997634629903138e-01

 3855	3.827499999999956e-09
	0.000000000000000e+00
	6.997634629903140e-01

 3856	3.828499999999956e-09
	0.000000000000000e+00
	6.997634629903138e-01

 3857	3.829499999999957e-09
	0.000000000000000e+00
	6.997634629903138e-01

 3858	3.830499999999957e-09
	0.000000000000000e+00
	6.997634629903140e-01

 3859	3.831499999999957e-09
	0.000000000000000e+00
	6.997634629903138e-01

 3860	3.832499999999958e-09
	0.000000000000000e+00
	6.997634629903138e-01

 3861	3.833499999999958e-09
	0.000000000000000e+00
	6.997634629903140e-01

 3862	3.834499999999958e-09
	0.000000000000000e+00
	6.997634629903138e-01

 3863	3.835499999999958e-09
	0.000000000000000e+00
	6.997634629903138e-01

 3864	3.836499999999959e-09
	0.000000000000000e+00
	6.997634629903140e-01

 3865	3.837499999999959e-09
	0.000000000000000e+00
	6.997634629903138e-01

 3866	3.838499999999959e-09
	0.000000000000000e+00
	6.997634629903138e-01

 3867	3.839499999999960e-09
	0.000000000000000e+00
	6.997634629903140e-01

 3868	3.840499999999960e-09
	0.000000000000000e+00
	6.997634629903138e-01

 3869	3.841499999999960e-09
	0.000000000000000e+00
	6.997634629903138e-01

 3870	3.842499999999961e-09
	0.000000000000000e+00
	6.997634629903140e-01

 3871	3.843499999999961e-09
	0.000000000000000e+00
	6.997634629903138e-01

 3872	3.844499999999961e-09
	0.000000000000000e+00
	6.997634629903138e-01

 3873	3.845499999999962e-09
	0.000000000000000e+00
	6.997634629903140e-01

 3874	3.846499999999962e-09
	0.000000000000000e+00
	6.997634629903138e-01

 3875	3.847499999999962e-09
	0.000000000000000e+00
	6.997634629903138e-01

 3876	3.848499999999962e-09
	0.000000000000000e+00
	6.997634629903140e-01

 3877	3.849499999999963e-09
	0.000000000000000e+00
	6.997634629903138e-01

 3878	3.850499999999963e-09
	0.000000000000000e+00
	6.997634629903138e-01

 3879	3.851499999999963e-09
	0.000000000000000e+00
	6.997634629903140e-01

 3880	3.852499999999964e-09
	0.000000000000000e+00
	6.997634629903138e-01

 3881	3.853499999999964e-09
	0.000000000000000e+00
	6.997634629903138e-01

 3882	3.854499999999964e-09
	0.000000000000000e+00
	6.997634629903140e-01

 3883	3.855499999999965e-09
	0.000000000000000e+00
	6.997634629903138e-01

 3884	3.856499999999965e-09
	0.000000000000000e+00
	6.997634629903138e-01

 3885	3.857499999999965e-09
	0.000000000000000e+00
	6.997634629903140e-01

 3886	3.858499999999966e-09
	0.000000000000000e+00
	6.997634629903138e-01

 3887	3.859499999999966e-09
	0.000000000000000e+00
	6.997634629903138e-01

 3888	3.860499999999966e-09
	0.000000000000000e+00
	6.997634629903140e-01

 3889	3.861499999999966e-09
	0.000000000000000e+00
	6.997634629903138e-01

 3890	3.862499999999967e-09
	0.000000000000000e+00
	6.997634629903138e-01

 3891	3.863499999999967e-09
	0.000000000000000e+00
	6.997634629903140e-01

 3892	3.864499999999967e-09
	0.000000000000000e+00
	6.997634629903138e-01

 3893	3.865499999999968e-09
	0.000000000000000e+00
	6.997634629903138e-01

 3894	3.866499999999968e-09
	0.000000000000000e+00
	6.997634629903140e-01

 3895	3.867499999999968e-09
	0.000000000000000e+00
	6.997634629903138e-01

 3896	3.868499999999969e-09
	0.000000000000000e+00
	6.997634629903138e-01

 3897	3.869499999999969e-09
	0.000000000000000e+00
	6.997634629903140e-01

 3898	3.870499999999969e-09
	0.000000000000000e+00
	6.997634629903138e-01

 3899	3.871499999999970e-09
	0.000000000000000e+00
	6.997634629903138e-01

 3900	3.872499999999970e-09
	0.000000000000000e+00
	6.997634629903140e-01

 3901	3.873499999999970e-09
	0.000000000000000e+00
	6.997634629903138e-01

 3902	3.874499999999970e-09
	0.000000000000000e+00
	6.997634629903138e-01

 3903	3.875499999999971e-09
	0.000000000000000e+00
	6.997634629903140e-01

 3904	3.876499999999971e-09
	0.000000000000000e+00
	6.997634629903138e-01

 3905	3.877499999999971e-09
	0.000000000000000e+00
	6.997634629903138e-01

 3906	3.878499999999972e-09
	0.000000000000000e+00
	6.997634629903140e-01

 3907	3.879499999999972e-09
	0.000000000000000e+00
	6.997634629903138e-01

 3908	3.880499999999972e-09
	0.000000000000000e+00
	6.997634629903138e-01

 3909	3.881499999999973e-09
	0.000000000000000e+00
	6.997634629903140e-01

 3910	3.882499999999973e-09
	0.000000000000000e+00
	6.997634629903138e-01

 3911	3.883499999999973e-09
	0.000000000000000e+00
	6.997634629903138e-01

 3912	3.884499999999974e-09
	0.000000000000000e+00
	6.997634629903140e-01

 3913	3.885499999999974e-09
	0.000000000000000e+00
	6.997634629903138e-01

 3914	3.886499999999974e-09
	0.000000000000000e+00
	6.997634629903138e-01

 3915	3.887499999999974e-09
	0.000000000000000e+00
	6.997634629903140e-01

 3916	3.888499999999975e-09
	0.000000000000000e+00
	6.997634629903138e-01

 3917	3.889499999999975e-09
	0.000000000000000e+00
	6.997634629903138e-01

 3918	3.890499999999975e-09
	0.000000000000000e+00
	6.997634629903140e-01

 3919	3.891499999999976e-09
	0.000000000000000e+00
	6.997634629903138e-01

 3920	3.892499999999976e-09
	0.000000000000000e+00
	6.997634629903138e-01

 3921	3.893499999999976e-09
	0.000000000000000e+00
	6.997634629903140e-01

 3922	3.894499999999977e-09
	0.000000000000000e+00
	6.997634629903138e-01

 3923	3.895499999999977e-09
	0.000000000000000e+00
	6.997634629903138e-01

 3924	3.896499999999977e-09
	0.000000000000000e+00
	6.997634629903140e-01

 3925	3.897499999999977e-09
	0.000000000000000e+00
	6.997634629903138e-01

 3926	3.898499999999978e-09
	0.000000000000000e+00
	6.997634629903138e-01

 3927	3.899499999999978e-09
	0.000000000000000e+00
	6.997634629903140e-01

 3928	3.900499999999978e-09
	0.000000000000000e+00
	6.997634629903138e-01

 3929	3.901499999999979e-09
	0.000000000000000e+00
	6.997634629903138e-01

 3930	3.902499999999979e-09
	0.000000000000000e+00
	6.997634629903140e-01

 3931	3.903499999999979e-09
	0.000000000000000e+00
	6.997634629903138e-01

 3932	3.904499999999980e-09
	0.000000000000000e+00
	6.997634629903138e-01

 3933	3.905499999999980e-09
	0.000000000000000e+00
	6.997634629903140e-01

 3934	3.906499999999980e-09
	0.000000000000000e+00
	6.997634629903138e-01

 3935	3.907499999999981e-09
	0.000000000000000e+00
	6.997634629903138e-01

 3936	3.908499999999981e-09
	0.000000000000000e+00
	6.997634629903140e-01

 3937	3.909499999999981e-09
	0.000000000000000e+00
	6.997634629903138e-01

 3938	3.910499999999981e-09
	0.000000000000000e+00
	6.997634629903138e-01

 3939	3.911499999999982e-09
	0.000000000000000e+00
	6.997634629903140e-01

 3940	3.912499999999982e-09
	0.000000000000000e+00
	6.997634629903138e-01

 3941	3.913499999999982e-09
	0.000000000000000e+00
	6.997634629903138e-01

 3942	3.914499999999983e-09
	0.000000000000000e+00
	6.997634629903140e-01

 3943	3.915499999999983e-09
	0.000000000000000e+00
	6.997634629903138e-01

 3944	3.916499999999983e-09
	0.000000000000000e+00
	6.997634629903138e-01

 3945	3.917499999999984e-09
	0.000000000000000e+00
	6.997634629903140e-01

 3946	3.918499999999984e-09
	0.000000000000000e+00
	6.997634629903138e-01

 3947	3.919499999999984e-09
	0.000000000000000e+00
	6.997634629903138e-01

 3948	3.920499999999985e-09
	0.000000000000000e+00
	6.997634629903140e-01

 3949	3.921499999999985e-09
	0.000000000000000e+00
	6.997634629903138e-01

 3950	3.922499999999985e-09
	0.000000000000000e+00
	6.997634629903138e-01

 3951	3.923499999999985e-09
	0.000000000000000e+00
	6.997634629903140e-01

 3952	3.924499999999986e-09
	0.000000000000000e+00
	6.997634629903138e-01

 3953	3.925499999999986e-09
	0.000000000000000e+00
	6.997634629903138e-01

 3954	3.926499999999986e-09
	0.000000000000000e+00
	6.997634629903140e-01

 3955	3.927499999999987e-09
	0.000000000000000e+00
	6.997634629903138e-01

 3956	3.928499999999987e-09
	0.000000000000000e+00
	6.997634629903138e-01

 3957	3.929499999999987e-09
	0.000000000000000e+00
	6.997634629903140e-01

 3958	3.930499999999988e-09
	0.000000000000000e+00
	6.997634629903138e-01

 3959	3.931499999999988e-09
	0.000000000000000e+00
	6.997634629903138e-01

 3960	3.932499999999988e-09
	0.000000000000000e+00
	6.997634629903140e-01

 3961	3.933499999999989e-09
	0.000000000000000e+00
	6.997634629903138e-01

 3962	3.934499999999989e-09
	0.000000000000000e+00
	6.997634629903138e-01

 3963	3.935499999999989e-09
	0.000000000000000e+00
	6.997634629903140e-01

 3964	3.936499999999989e-09
	0.000000000000000e+00
	6.997634629903138e-01

 3965	3.937499999999990e-09
	0.000000000000000e+00
	6.997634629903138e-01

 3966	3.938499999999990e-09
	0.000000000000000e+00
	6.997634629903140e-01

 3967	3.939499999999990e-09
	0.000000000000000e+00
	6.997634629903138e-01

 3968	3.940499999999991e-09
	0.000000000000000e+00
	6.997634629903138e-01

 3969	3.941499999999991e-09
	0.000000000000000e+00
	6.997634629903140e-01

 3970	3.942499999999991e-09
	0.000000000000000e+00
	6.997634629903138e-01

 3971	3.943499999999992e-09
	0.000000000000000e+00
	6.997634629903138e-01

 3972	3.944499999999992e-09
	0.000000000000000e+00
	6.997634629903140e-01

 3973	3.945499999999992e-09
	0.000000000000000e+00
	6.997634629903138e-01

 3974	3.946499999999993e-09
	0.000000000000000e+00
	6.997634629903138e-01

 3975	3.947499999999993e-09
	0.000000000000000e+00
	6.997634629903140e-01

 3976	3.948499999999993e-09
	0.000000000000000e+00
	6.997634629903138e-01

 3977	3.949499999999993e-09
	0.000000000000000e+00
	6.997634629903138e-01

 3978	3.950499999999994e-09
	0.000000000000000e+00
	6.997634629903140e-01

 3979	3.951499999999994e-09
	0.000000000000000e+00
	6.997634629903138e-01

 3980	3.952499999999994e-09
	0.000000000000000e+00
	6.997634629903138e-01

 3981	3.953499999999995e-09
	0.000000000000000e+00
	6.997634629903140e-01

 3982	3.954499999999995e-09
	0.000000000000000e+00
	6.997634629903138e-01

 3983	3.955499999999995e-09
	0.000000000000000e+00
	6.997634629903138e-01

 3984	3.956499999999996e-09
	0.000000000000000e+00
	6.997634629903140e-01

 3985	3.957499999999996e-09
	0.000000000000000e+00
	6.997634629903138e-01

 3986	3.958499999999996e-09
	0.000000000000000e+00
	6.997634629903138e-01

 3987	3.959499999999997e-09
	0.000000000000000e+00
	6.997634629903140e-01

 3988	3.960499999999997e-09
	0.000000000000000e+00
	6.997634629903138e-01

 3989	3.961499999999997e-09
	0.000000000000000e+00
	6.997634629903138e-01

 3990	3.962499999999997e-09
	0.000000000000000e+00
	6.997634629903140e-01

 3991	3.963499999999998e-09
	0.000000000000000e+00
	6.997634629903138e-01

 3992	3.964499999999998e-09
	0.000000000000000e+00
	6.997634629903138e-01

 3993	3.965499999999998e-09
	0.000000000000000e+00
	6.997634629903140e-01

 3994	3.966499999999999e-09
	0.000000000000000e+00
	6.997634629903138e-01

 3995	3.967499999999999e-09
	0.000000000000000e+00
	6.997634629903138e-01

 3996	3.968499999999999e-09
	0.000000000000000e+00
	6.997634629903140e-01

 3997	3.969500000000000e-09
	0.000000000000000e+00
	6.997634629903138e-01

 3998	3.970500000000000e-09
	0.000000000000000e+00
	6.997634629903138e-01

 3999	3.971500000000000e-09
	0.000000000000000e+00
	6.997634629903140e-01

 4000	3.972500000000000e-09
	0.000000000000000e+00
	6.997634629903138e-01

 4001	3.973500000000001e-09
	0.000000000000000e+00
	6.997634629903138e-01

 4002	3.974500000000001e-09
	0.000000000000000e+00
	6.997634629903140e-01

 4003	3.975500000000001e-09
	0.000000000000000e+00
	6.997634629903138e-01

 4004	3.976500000000002e-09
	0.000000000000000e+00
	6.997634629903138e-01

 4005	3.977500000000002e-09
	0.000000000000000e+00
	6.997634629903140e-01

 4006	3.978500000000002e-09
	0.000000000000000e+00
	6.997634629903138e-01

 4007	3.979500000000003e-09
	0.000000000000000e+00
	6.997634629903138e-01

 4008	3.980500000000003e-09
	0.000000000000000e+00
	6.997634629903140e-01

 4009	3.981500000000003e-09
	0.000000000000000e+00
	6.997634629903138e-01

 4010	3.982500000000004e-09
	0.000000000000000e+00
	6.997634629903138e-01

 4011	3.983500000000004e-09
	0.000000000000000e+00
	6.997634629903140e-01

 4012	3.984500000000004e-09
	0.000000000000000e+00
	6.997634629903138e-01

 4013	3.985500000000004e-09
	0.000000000000000e+00
	6.997634629903138e-01

 4014	3.986500000000005e-09
	0.000000000000000e+00
	6.997634629903140e-01

 4015	3.987500000000005e-09
	0.000000000000000e+00
	6.997634629903138e-01

 4016	3.988500000000005e-09
	0.000000000000000e+00
	6.997634629903138e-01

 4017	3.989500000000006e-09
	0.000000000000000e+00
	6.997634629903140e-01

 4018	3.990500000000006e-09
	0.000000000000000e+00
	6.997634629903138e-01

 4019	3.991500000000006e-09
	0.000000000000000e+00
	6.997634629903138e-01

 4020	3.992500000000007e-09
	0.000000000000000e+00
	6.997634629903140e-01

 4021	3.993500000000007e-09
	0.000000000000000e+00
	6.997634629903138e-01

 4022	3.994500000000007e-09
	0.000000000000000e+00
	6.997634629903138e-01

 4023	3.995500000000008e-09
	0.000000000000000e+00
	6.997634629903140e-01

 4024	3.996500000000008e-09
	0.000000000000000e+00
	6.997634629903138e-01

 4025	3.997500000000008e-09
	0.000000000000000e+00
	6.997634629903138e-01

 4026	3.998500000000008e-09
	0.000000000000000e+00
	6.997634629903140e-01

 4027	3.999250000000004e-09
	0.000000000000000e+00
	6.997634629903139e-01

 4028	4.000000000000000e-09
	0.000000000000000e+00
	6.997634629903137e-01

